Species,ID,Liz Temperature,region,,reflectance,abs,year,notes
Chondrodactylus bibroni,11,25C,dorsal,dorsal,0.10,0.9,2017,
Chondrodactylus bibroni,11,25C,dorsal,dorsal,0.10,0.9,2017,
Chondrodactylus bibroni,11,25C,dorsal,dorsal,0.10,0.9,2017,
Chondrodactylus bibroni,12,25C,dorsal,dorsal,0.11,0.89,2017,
Chondrodactylus bibroni,12,25C,dorsal,dorsal,0.11,0.89,2017,
Chondrodactylus bibroni,12,25C,dorsal,dorsal,0.11,0.89,2017,
Chondrodactylus bibroni,15,25C,dorsal,dorsal,0.11,0.89,2017,
Chondrodactylus bibroni,15,25C,dorsal,dorsal,0.12,0.88,2017,
Chondrodactylus bibroni,15,25C,dorsal,dorsal,0.12,0.88,2017,
Chondrodactylus bibroni,14,25C,dorsal,dorsal,0.11,0.89,2017,
Chondrodactylus bibroni,14,25C,dorsal,dorsal,0.11,0.89,2017,
Chondrodactylus bibroni,14,25C,dorsal,dorsal,0.11,0.89,2017,
Chondrodactylus bibroni,13,25C,dorsal,dorsal,0.11,0.89,2017,
Chondrodactylus bibroni,13,25C,dorsal,dorsal,0.11,0.89,2017,
Chondrodactylus bibroni,13,25C,dorsal,dorsal,0.11,0.89,2017,
Chondrodactylus bibroni,16,25C,dorsal,dorsal,1,0,2017,
Chondrodactylus bibroni,16,25C,dorsal,dorsal,0.12,0.88,2017,
Chondrodactylus bibroni,16,25C,dorsal,dorsal,0.12,0.88,2017,
Chondrodactylus bibroni,2,25C,dorsal,dorsal,0.12,0.88,2017,
Chondrodactylus bibroni,2,25C,dorsal,dorsal,0.11,0.89,2017,
Chondrodactylus bibroni,2,25C,dorsal,dorsal,0.11,0.89,2017,
Chondrodactylus bibroni,G04,25C,dorsal,dorsal,0.11,0.89,2017,
Chondrodactylus bibroni,G04,25C,dorsal,dorsal,0.12,0.88,2017,
Chondrodactylus bibroni,G04,25C,dorsal,dorsal,0.12,0.88,2017,
Meroles suborbitalis,5300,25C,dorsal,dorsal,NA,#VALUE!,2017,
Meroles suborbitalis,5300,25C,dorsal,dorsal,0.05,0.95,2017,
Meroles suborbitalis,5300,25C,dorsal,dorsal,0.06,0.94,2017,
Meroles suborbitalis,5300,25C,dorsal,dorsal,0.06,0.94,2017,
Meroles suborbitalis,5300,25C,dorsal,dorsal,0.04,0.96,2017,
Meroles suborbitalis,5300,25C,dorsal,dorsal,0.04,0.96,2017,
Meroles suborbitalis,5300,25C,dorsal,dorsal,0.04,0.96,2017,
Meroles suborbitalis,5300,25C,dorsal,dorsal,0.03,0.97,2017,
Meroles suborbitalis,5300,25C,dorsal,dorsal,0.03,0.97,2017,
Meroles suborbitalis,5300,25C,dorsal,dorsal,0.04,0.96,2017,
Meroles suborbitalis,5300,25C,dorsal,dorsal,0.04,0.96,2017,
Meroles suborbitalis,5300,25C,dorsal,dorsal,0.05,0.95,2017,
Meroles suborbitalis,5300,25C,dorsal,dorsal,0.05,0.95,2017,
Meroles suborbitalis,5300,25C,dorsal,dorsal,0.06,0.94,2017,
Meroles suborbitalis,5300,25C,dorsal,dorsal,0.06,0.94,2017,
Meroles suborbitalis,5300,25C,dorsal,dorsal,0.06,0.94,2017,
Meroles suborbitalis,5100,25C,dorsal,dorsal,0.04,0.96,2017,
Meroles suborbitalis,5100,25C,dorsal,dorsal,0.04,0.96,2017,
Meroles suborbitalis,5100,25C,dorsal,dorsal,0.04,0.96,2017,
Meroles suborbitalis,5100,25C,dorsal,dorsal,0.05,0.95,2017,
Meroles suborbitalis,5100,25C,dorsal,dorsal,0.04,0.96,2017,
Meroles suborbitalis,5100,25C,dorsal,dorsal,0.03,0.97,2017,
Meroles suborbitalis,5100,25C,dorsal,dorsal,0.05,0.95,2017,
Meroles suborbitalis,5100,25C,dorsal,dorsal,0.05,0.95,2017,
Meroles suborbitalis,5100,25C,dorsal,dorsal,0.05,0.95,2017,
Meroles suborbitalis,5100,25C,dorsal,dorsal,0.04,0.96,2017,
Meroles suborbitalis,5100,25C,dorsal,dorsal,0.04,0.96,2017,
Meroles suborbitalis,5100,25C,dorsal,dorsal,0.04,0.96,2017,
Meroles suborbitalis,5200,25C,dorsal,dorsal,0.05,0.95,2017,
Meroles suborbitalis,5200,25C,dorsal,dorsal,0.06,0.94,2017,
Meroles suborbitalis,5200,25C,dorsal,dorsal,0.05,0.95,2017,
Meroles suborbitalis,5200,25C,dorsal,dorsal,0.05,0.95,2017,
Meroles suborbitalis,5200,25C,dorsal,dorsal,0.05,0.95,2017,
Meroles suborbitalis,5200,25C,dorsal,dorsal,0.05,0.95,2017,
Meroles suborbitalis,5200,25C,dorsal,dorsal,0.02,0.98,2017,
Meroles suborbitalis,5200,25C,dorsal,dorsal,0.02,0.98,2017,
Meroles suborbitalis,5200,25C,dorsal,dorsal,0.02,0.98,2017,
Meroles suborbitalis,5200,25C,dorsal,dorsal,0.04,0.96,2017,
Meroles suborbitalis,5200,25C,dorsal,dorsal,0.04,0.96,2017,
Meroles suborbitalis,5200,25C,dorsal,dorsal,0.04,0.96,2017,
Meroles suborbitalis,5400,25C,dorsal,dorsal,0.03,0.97,2017,
Meroles suborbitalis,5400,25C,dorsal,dorsal,0.03,0.97,2017,
Meroles suborbitalis,5400,25C,dorsal,dorsal,0.03,0.97,2017,
Meroles suborbitalis,5400,25C,dorsal,dorsal,0.05,0.95,2017,
Meroles suborbitalis,5400,25C,dorsal,dorsal,0.05,0.95,2017,
Meroles suborbitalis,5400,25C,dorsal,dorsal,0.05,0.95,2017,
Meroles suborbitalis,5400,25C,dorsal,dorsal,0.06,0.94,2017,
Meroles suborbitalis,5400,25C,dorsal,dorsal,0.06,0.94,2017,
Meroles suborbitalis,5400,25C,dorsal,dorsal,0.06,0.94,2017,
Meroles suborbitalis,5400,25C,dorsal,dorsal,0.04,0.96,2017,
Meroles suborbitalis,5400,25C,dorsal,dorsal,0.04,0.96,2017,
Meroles suborbitalis,5400,25C,dorsal,dorsal,0.03,0.97,2017,
Meroles suborbitalis,5400,25C,dorsal,dorsal,0.06,0.94,2017,
Meroles suborbitalis,5101,25C,dorsal,dorsal,0.07,0.93,2017,
Meroles suborbitalis,5101,25C,dorsal,dorsal,0.08,0.92,2017,
Meroles suborbitalis,5101,25C,dorsal,dorsal,0.08,0.92,2017,
Meroles suborbitalis,5101,25C,dorsal,dorsal,0.06,0.94,2017,
Meroles suborbitalis,5101,25C,dorsal,dorsal,0.06,0.94,2017,
Meroles suborbitalis,5101,25C,dorsal,dorsal,0.06,0.94,2017,
Meroles suborbitalis,5101,25C,dorsal,dorsal,0.05,0.95,2017,
Meroles suborbitalis,5101,25C,dorsal,dorsal,0.05,0.95,2017,
Meroles suborbitalis,5101,25C,dorsal,dorsal,0.05,0.95,2017,
Meroles suborbitalis,5101,25C,dorsal,dorsal,0.04,0.96,2017,
Meroles suborbitalis,5101,25C,dorsal,dorsal,0.04,0.96,2017,
Meroles suborbitalis,5101,25C,dorsal,dorsal,0.04,0.96,2017,
Meroles suborbitalis,5101,25C,dorsal,dorsal,0.07,0.93,2017,
Meroles suborbitalis,5101,25C,dorsal,dorsal,0.07,0.93,2017,
Meroles suborbitalis,5101,25C,dorsal,dorsal,0.08,0.92,2017,
Meroles suborbitalis,5101,25C,dorsal,dorsal,0.05,0.95,2017,
Meroles suborbitalis,5101,25C,dorsal,dorsal,0.05,0.95,2017,
Meroles suborbitalis,5101,25C,dorsal,dorsal,0.05,0.95,2017,
Meroles suborbitalis,5500,25C,dorsal,dorsal,0.06,0.94,2017,discarded a few readings because lost track which measurement taken
Meroles suborbitalis,5500,25C,dorsal,dorsal,0.06,0.94,2017,
Meroles suborbitalis,5500,25C,dorsal,dorsal,0.06,0.94,2017,
Meroles suborbitalis,5500,25C,dorsal,dorsal,0.03,0.97,2017,
Meroles suborbitalis,5500,25C,dorsal,dorsal,0.04,0.96,2017,
Meroles suborbitalis,5500,25C,dorsal,dorsal,0.04,0.96,2017,
Meroles suborbitalis,5500,25C,dorsal,dorsal,0.06,0.94,2017,
Meroles suborbitalis,5500,25C,dorsal,dorsal,0.06,0.94,2017,
Meroles suborbitalis,5500,25C,dorsal,dorsal,0.05,0.95,2017,
Meroles suborbitalis,5500,25C,dorsal,dorsal,0.05,0.95,2017,
Meroles suborbitalis,5500,25C,dorsal,dorsal,0.05,0.95,2017,
Meroles suborbitalis,5500,25C,dorsal,dorsal,0.05,0.95,2017,
Meroles suborbitalis,5500,25C,dorsal,dorsal,0.06,0.94,2017,
Meroles suborbitalis,5500,25C,dorsal,dorsal,0.06,0.94,2017,
Meroles suborbitalis,5500,25C,dorsal,dorsal,0.06,0.94,2017,
Meroles suborbitalis,5500,25C,dorsal,dorsal,0.06,0.94,2017,
Meroles suborbitalis,5500,25C,dorsal,dorsal,0.06,0.94,2017,
Meroles suborbitalis,5500,25C,dorsal,dorsal,0.06,0.94,2017,
Pedioplanis lineocellata,001/3-4,25C,dorsal,dorsal,0.07,0.93,2017,
Pedioplanis lineocellata,001/3-4,25C,dorsal,dorsal,0.07,0.93,2017,
Pedioplanis lineocellata,001/3-4,25C,dorsal,dorsal,0.07,0.93,2017,
Pedioplanis lineocellata,001/3-4,25C,dorsal,dorsal,0.23,0.77,2017,
Pedioplanis lineocellata,001/3-4,25C,dorsal,dorsal,0.19,0.81,2017,
Pedioplanis lineocellata,001/3-4,25C,dorsal,dorsal,0.2,0.8,2017,
Pedioplanis lineocellata,001/3-4,25C,dorsal,dorsal,0.14,0.86,2017,
Pedioplanis lineocellata,001/3-4,25C,dorsal,dorsal,0.1,0.9,2017,
Pedioplanis lineocellata,001/3-4,25C,dorsal,dorsal,0.14,0.86,2017,
Pedioplanis lineocellata,13,25C,dorsal,dorsal,0.09,0.91,2017,
Pedioplanis lineocellata,13,25C,dorsal,dorsal,0.09,0.91,2017,
Pedioplanis lineocellata,13,25C,dorsal,dorsal,0.1,0.9,2017,
Pedioplanis lineocellata,13,25C,dorsal,dorsal,0.08,0.92,2017,
Pedioplanis lineocellata,13,25C,dorsal,dorsal,0.08,0.92,2017,
Pedioplanis lineocellata,13,25C,dorsal,dorsal,0.07,0.93,2017,
Pedioplanis lineocellata,13,25C,dorsal,dorsal,0.07,0.93,2017,
Pedioplanis lineocellata,13,25C,dorsal,dorsal,0.07,0.93,2017,
Pedioplanis lineocellata,13,25C,dorsal,dorsal,0.07,0.93,2017,
Pedioplanis lineocellata,15,25C,dorsal,dorsal,0.06,0.94,2017,
Pedioplanis lineocellata,15,25C,dorsal,dorsal,0.06,0.94,2017,
Pedioplanis lineocellata,15,25C,dorsal,dorsal,0.06,0.94,2017,
Pedioplanis lineocellata,15,25C,dorsal,dorsal,0.12,0.88,2017,
Pedioplanis lineocellata,15,25C,dorsal,dorsal,0.13,0.87,2017,
Pedioplanis lineocellata,15,25C,dorsal,dorsal,0.12,0.88,2017,
Pedioplanis lineocellata,15,25C,dorsal,dorsal,0.06,0.94,2017,
Pedioplanis lineocellata,15,25C,dorsal,dorsal,0.07,0.93,2017,
Pedioplanis lineocellata,15,25C,dorsal,dorsal,0.07,0.93,2017,
Pedioplanis lineocellata,22,25C,dorsal,dorsal,0.1,0.9,2017,
Pedioplanis lineocellata,22,25C,dorsal,dorsal,0.11,0.89,2017,
Pedioplanis lineocellata,22,25C,dorsal,dorsal,0.11,0.89,2017,
Pedioplanis lineocellata,22,25C,dorsal,dorsal,0.06,0.94,2017,
Pedioplanis lineocellata,22,25C,dorsal,dorsal,0.08,0.92,2017,
Pedioplanis lineocellata,22,25C,dorsal,dorsal,0.09,0.91,2017,
Pedioplanis lineocellata,22,25C,dorsal,dorsal,0.1,0.9,2017,
Pedioplanis lineocellata,22,25C,dorsal,dorsal,0.1,0.9,2017,
Pedioplanis lineocellata,23,25C,dorsal,dorsal,0.11,0.89,2017,
Pedioplanis lineocellata,23,25C,dorsal,dorsal,0.12,0.88,2017,
Pedioplanis lineocellata,23,25C,dorsal,dorsal,0.12,0.88,2017,
Pedioplanis lineocellata,23,25C,dorsal,dorsal,0.09,0.91,2017,
Pedioplanis lineocellata,23,25C,dorsal,dorsal,0.09,0.91,2017,
Pedioplanis lineocellata,23,25C,dorsal,dorsal,0.09,0.91,2017,
Pedioplanis lineocellata,23,25C,dorsal,dorsal,0.09,0.91,2017,
Pedioplanis lineocellata,23,25C,dorsal,dorsal,0.09,0.91,2017,
Pedioplanis lineocellata,23,25C,dorsal,dorsal,0.09,0.91,2017,
Pedioplanis lineocellata,11,25C,dorsal,dorsal,0.11,0.89,2017,
Pedioplanis lineocellata,11,25C,dorsal,dorsal,0.12,0.88,2017,
Pedioplanis lineocellata,11,25C,dorsal,dorsal,0.13,0.87,2017,
Pedioplanis lineocellata,11,25C,dorsal,dorsal,0.11,0.89,2017,
Pedioplanis lineocellata,11,25C,dorsal,dorsal,0.11,0.89,2017,
Pedioplanis lineocellata,11,25C,dorsal,dorsal,0.13,0.87,2017,
Pedioplanis lineocellata,11,25C,dorsal,dorsal,0.13,0.87,2017,
Pedioplanis lineocellata,11,25C,dorsal,dorsal,0.13,0.87,2017,
Pedioplanis lineocellata,11,25C,dorsal,dorsal,0.14,0.86,2017,
Pedioplanis lineocellata,14,25C,dorsal,dorsal,0.1,0.9,2017,
Pedioplanis lineocellata,14,25C,dorsal,dorsal,0.11,0.89,2017,
Pedioplanis lineocellata,14,25C,dorsal,dorsal,0.11,0.89,2017,
Pedioplanis lineocellata,14,25C,dorsal,dorsal,0.13,0.87,2017,
Pedioplanis lineocellata,14,25C,dorsal,dorsal,0.13,0.87,2017,
Pedioplanis lineocellata,14,25C,dorsal,dorsal,0.13,0.87,2017,
Pedioplanis lineocellata,14,25C,dorsal,dorsal,0.11,0.89,2017,
Pedioplanis lineocellata,14,25C,dorsal,dorsal,0.1,0.9,2017,
Pedioplanis lineocellata,14,25C,dorsal,dorsal,0.1,0.9,2017,
Pedioplanis lineocellata,21,25C,dorsal,dorsal,0.13,0.87,2017,
Pedioplanis lineocellata,21,25C,dorsal,dorsal,0.13,0.87,2017,
Pedioplanis lineocellata,21,25C,dorsal,dorsal,0.09,0.91,2017,
Pedioplanis lineocellata,21,25C,dorsal,dorsal,0.1,0.9,2017,
Pedioplanis lineocellata,21,25C,dorsal,dorsal,0.1,0.9,2017,
Pedioplanis lineocellata,21,25C,dorsal,dorsal,0.08,0.92,2017,
Pedioplanis lineocellata,21,25C,dorsal,dorsal,0.08,0.92,2017,
Pedioplanis lineocellata,21,25C,dorsal,dorsal,0.09,0.91,2017,
Pedioplanis lineocellata,1001,25C,dorsal,dorsal,0.12,0.88,2017,
Pedioplanis lineocellata,1001,25C,dorsal,dorsal,0.15,0.85,2017,
Pedioplanis lineocellata,1001,25C,dorsal,dorsal,0.15,0.85,2017,
Pedioplanis lineocellata,1001,25C,dorsal,dorsal,0.06,0.94,2017,
Pedioplanis lineocellata,1001,25C,dorsal,dorsal,0.06,0.94,2017,
Pedioplanis lineocellata,1001,25C,dorsal,dorsal,0.06,0.94,2017,
Pedioplanis lineocellata,1001,25C,dorsal,dorsal,0.07,0.93,2017,
Pedioplanis lineocellata,1001,25C,dorsal,dorsal,0.07,0.93,2017,
Pedioplanis lineocellata,1001,25C,dorsal,dorsal,0.07,0.93,2017,
Pedioplanis lineocellata,24,25C,dorsal,dorsal,0.1,0.9,2017,
Pedioplanis lineocellata,24,25C,dorsal,dorsal,0.1,0.9,2017,
Pedioplanis lineocellata,24,25C,dorsal,dorsal,0.1,0.9,2017,
Pedioplanis lineocellata,24,25C,dorsal,dorsal,0.09,0.91,2017,
Pedioplanis lineocellata,24,25C,dorsal,dorsal,0.08,0.92,2017,
Pedioplanis lineocellata,24,25C,dorsal,dorsal,0.08,0.92,2017,
Pedioplanis lineocellata,24,25C,dorsal,dorsal,0.11,0.89,2017,
Pedioplanis lineocellata,24,25C,dorsal,dorsal,0.11,0.89,2017,
Pedioplanis lineocellata,24,25C,dorsal,dorsal,0.1,0.9,2017,
Pedioplanis lineocellata,25,25C,dorsal,dorsal,0.11,0.89,2017,
Pedioplanis lineocellata,25,25C,dorsal,dorsal,0.1,0.9,2017,
Pedioplanis lineocellata,25,25C,dorsal,dorsal,0.1,0.9,2017,
Pedioplanis lineocellata,25,25C,dorsal,dorsal,0.06,0.94,2017,
Pedioplanis lineocellata,25,25C,dorsal,dorsal,0.06,0.94,2017,
Pedioplanis lineocellata,25,25C,dorsal,dorsal,0.06,0.94,2017,
Pedioplanis lineocellata,25,25C,dorsal,dorsal,0.05,0.95,2017,
Pedioplanis lineocellata,25,25C,dorsal,dorsal,0.05,0.95,2017,
Pedioplanis lineocellata,25,25C,dorsal,dorsal,0.05,0.95,2017,
Pedioplanis lineocellata,12,25C,dorsal,dorsal,0.07,0.93,2017,
Pedioplanis lineocellata,12,25C,dorsal,dorsal,0.06,0.94,2017,
Pedioplanis lineocellata,12,25C,dorsal,dorsal,0.07,0.93,2017,
Pedioplanis lineocellata,12,25C,dorsal,dorsal,0.1,0.9,2017,
Pedioplanis lineocellata,12,25C,dorsal,dorsal,0.11,0.89,2017,
Pedioplanis lineocellata,12,25C,dorsal,dorsal,0.11,0.89,2017,
Pedioplanis lineocellata,12,25C,dorsal,dorsal,0.11,0.89,2017,
Pedioplanis lineocellata,12,25C,dorsal,dorsal,0.1,0.9,2017,
Pedioplanis lineocellata,12,25C,dorsal,dorsal,0.1,0.9,2017,
Pedioplanis lineocellata,12,25C,dorsal,dorsal,0.08,0.92,2017,
Pedioplanis lineocellata,34,25C,dorsal,dorsal,0.09,0.91,2017,
Pedioplanis lineocellata,34,25C,dorsal,dorsal,0.09,0.91,2017,
Pedioplanis lineocellata,34,25C,dorsal,dorsal,0.09,0.91,2017,
Pedioplanis lineocellata,34,25C,dorsal,dorsal,0.08,0.92,2017,
Pedioplanis lineocellata,34,25C,dorsal,dorsal,0.07,0.93,2017,
Pedioplanis lineocellata,34,25C,dorsal,dorsal,0.08,0.92,2017,
Pedioplanis lineocellata,34,25C,dorsal,dorsal,0.07,0.93,2017,
Pedioplanis lineocellata,34,25C,dorsal,dorsal,0.08,0.92,2017,
Pedioplanis lineocellata,34,25C,dorsal,dorsal,0.08,0.92,2017,
Pedioplanis lineocellata,34,25C,dorsal,dorsal,0.09,0.91,2017,
Pedioplanis lineocellata,33,25C,dorsal,dorsal,0.07,0.93,2017,
Pedioplanis lineocellata,33,25C,dorsal,dorsal,0.07,0.93,2017,
Pedioplanis lineocellata,33,25C,dorsal,dorsal,0.07,0.93,2017,
Pedioplanis lineocellata,33,25C,dorsal,dorsal,0.06,0.94,2017,
Pedioplanis lineocellata,33,25C,dorsal,dorsal,0.06,0.94,2017,
Pedioplanis lineocellata,33,25C,dorsal,dorsal,0.05,0.95,2017,
Pedioplanis lineocellata,33,25C,dorsal,dorsal,0.08,0.92,2017,
Pedioplanis lineocellata,33,25C,dorsal,dorsal,0.09,0.91,2017,
Pedioplanis lineocellata,33,25C,dorsal,dorsal,0.09,0.91,2017,
Pedioplanis lineocellata,31,25C,dorsal,dorsal,0.07,0.93,2017,
Pedioplanis lineocellata,31,25C,dorsal,dorsal,0.07,0.93,2017,
Pedioplanis lineocellata,31,25C,dorsal,dorsal,0.07,0.93,2017,
Pedioplanis lineocellata,31,25C,dorsal,dorsal,0.06,0.94,2017,
Pedioplanis lineocellata,31,25C,dorsal,dorsal,0.05,0.95,2017,
Pedioplanis lineocellata,31,25C,dorsal,dorsal,0.05,0.95,2017,
Pedioplanis lineocellata,31,25C,dorsal,dorsal,0.06,0.94,2017,
Pedioplanis lineocellata,31,25C,dorsal,dorsal,0.07,0.93,2017,
Pedioplanis lineocellata,31,25C,dorsal,dorsal,0.06,0.94,2017,
Pedioplanis lineocellata,32,25C,dorsal,dorsal,0.06,0.94,2017,
Pedioplanis lineocellata,32,25C,dorsal,dorsal,0.06,0.94,2017,
Pedioplanis lineocellata,32,25C,dorsal,dorsal,0.06,0.94,2017,
Pedioplanis lineocellata,32,25C,dorsal,dorsal,0.07,0.93,2017,
Pedioplanis lineocellata,32,25C,dorsal,dorsal,0.07,0.93,2017,
Pedioplanis lineocellata,32,25C,dorsal,dorsal,0.07,0.93,2017,
Pedioplanis lineocellata,32,25C,dorsal,dorsal,0.1,0.9,2017,
Pedioplanis lineocellata,32,25C,dorsal,dorsal,0.09,0.91,2017,
Pedioplanis lineocellata,32,25C,dorsal,dorsal,0.09,0.91,2017,
Pedioplanis lineocellata,44,field fresh,dorsal,dorsal,0.05,0.95,2017,
Pedioplanis lineocellata,44,field fresh,dorsal,dorsal,0.05,0.95,2017,
Pedioplanis lineocellata,44,field fresh,dorsal,dorsal,0.05,0.95,2017,
Pedioplanis lineocellata,44,field fresh,dorsal,dorsal,0.05,0.95,2017,
Pedioplanis lineocellata,44,field fresh,dorsal,dorsal,0.05,0.95,2017,
Pedioplanis lineocellata,44,field fresh,dorsal,dorsal,0.05,0.95,2017,
Pedioplanis lineocellata,44,field fresh,dorsal,dorsal,0.06,0.94,2017,
Pedioplanis lineocellata,44,field fresh,dorsal,dorsal,0.06,0.94,2017,
Pedioplanis lineocellata,44,field fresh,dorsal,dorsal,0.06,0.94,2017,
Pedioplanis lineocellata,45,field fresh,dorsal,dorsal,0.08,0.92,2017,
Pedioplanis lineocellata,45,field fresh,dorsal,dorsal,0.09,0.91,2017,
Pedioplanis lineocellata,45,field fresh,dorsal,dorsal,0.09,0.91,2017,
Pedioplanis lineocellata,45,field fresh,dorsal,dorsal,0.07,0.93,2017,
Pedioplanis lineocellata,45,field fresh,dorsal,dorsal,0.07,0.93,2017,
Pedioplanis lineocellata,45,field fresh,dorsal,dorsal,0.08,0.92,2017,
Pedioplanis lineocellata,45,field fresh,dorsal,dorsal,0.09,0.91,2017,
Pedioplanis lineocellata,45,field fresh,dorsal,dorsal,0.1,0.9,2017,
Pedioplanis lineocellata,45,field fresh,dorsal,dorsal,0.1,0.9,2017,
Pedioplanis lineocellata,45,field fresh,dorsal,dorsal,0.07,0.93,2017,
Pedioplanis lineocellata,45,field fresh,dorsal,dorsal,0.08,0.92,2017,
Pedioplanis lineocellata,45,field fresh,dorsal,dorsal,0.08,0.92,2017,
Pedioplanis lineocellata,43,25C,dorsal,dorsal,0.07,0.93,2017,
Pedioplanis lineocellata,43,25C,dorsal,dorsal,0.08,0.92,2017,
Pedioplanis lineocellata,43,25C,dorsal,dorsal,0.09,0.91,2017,
Pedioplanis lineocellata,43,25C,dorsal,dorsal,0.08,0.92,2017,
Pedioplanis lineocellata,43,25C,dorsal,dorsal,0.08,0.92,2017,
Pedioplanis lineocellata,43,25C,dorsal,dorsal,0.08,0.92,2017,
Pedioplanis lineocellata,43,25C,dorsal,dorsal,0.06,0.94,2017,
Pedioplanis lineocellata,43,25C,dorsal,dorsal,0.07,0.93,2017,
Pedioplanis lineocellata,43,25C,dorsal,dorsal,0.07,0.93,2017,
Pedioplanis lineocellata,41,25C,dorsal,dorsal,0.08,0.92,2017,
Pedioplanis lineocellata,41,25C,dorsal,dorsal,0.08,0.92,2017,
Pedioplanis lineocellata,41,25C,dorsal,dorsal,0.09,0.91,2017,
Pedioplanis lineocellata,41,25C,dorsal,dorsal,0.05,0.95,2017,
Pedioplanis lineocellata,41,25C,dorsal,dorsal,0.06,0.94,2017,
Pedioplanis lineocellata,41,25C,dorsal,dorsal,0.06,0.94,2017,
Pedioplanis lineocellata,41,25C,dorsal,dorsal,0.07,0.93,2017,
Pedioplanis lineocellata,41,25C,dorsal,dorsal,0.07,0.93,2017,
Pedioplanis lineocellata,41,25C,dorsal,dorsal,0.08,0.92,2017,
Pedioplanis lineocellata,41,25C,dorsal,dorsal,0.07,0.93,2017,
Pedioplanis lineocellata,41,25C,dorsal,dorsal,0.08,0.92,2017,
Pedioplanis lineocellata,41,25C,dorsal,dorsal,0.08,0.92,2017,
Pedioplanis lineocellata,42,25C,dorsal,dorsal,0.06,0.94,2017,
Pedioplanis lineocellata,42,25C,dorsal,dorsal,0.06,0.94,2017,
Pedioplanis lineocellata,42,25C,dorsal,dorsal,0.07,0.93,2017,
Pedioplanis lineocellata,42,25C,dorsal,dorsal,0.05,0.95,2017,
Pedioplanis lineocellata,42,25C,dorsal,dorsal,0.07,0.93,2017,
Pedioplanis lineocellata,42,25C,dorsal,dorsal,0.08,0.92,2017,
Pedioplanis lineocellata,42,25C,dorsal,dorsal,0.08,0.92,2017,
Pedioplanis lineocellata,42,25C,dorsal,dorsal,0.09,0.91,2017,
Pedioplanis lineocellata,42,25C,dorsal,dorsal,0.09,0.91,2017,
Pedioplanis lineocellata,34,32-35C,dorsal,dorsal,0.09,0.91,2017,
Pedioplanis lineocellata,34,32-35C,dorsal,dorsal,0.09,0.91,2017,
Pedioplanis lineocellata,34,32-35C,dorsal,dorsal,0.09,0.91,2017,
Pedioplanis lineocellata,34,32-35C,dorsal,dorsal,0.06,0.94,2017,
Pedioplanis lineocellata,34,32-35C,dorsal,dorsal,0.06,0.94,2017,
Pedioplanis lineocellata,34,32-35C,dorsal,dorsal,0.06,0.94,2017,
Pedioplanis lineocellata,34,32-35C,dorsal,dorsal,0.06,0.94,2017,
Pedioplanis lineocellata,34,32-35C,dorsal,dorsal,0.08,0.92,2017,
Pedioplanis lineocellata,34,32-35C,dorsal,dorsal,0.06,0.94,2017,
Pedioplanis lineocellata,13,32-35C,dorsal,dorsal,0.08,0.92,2017,
Pedioplanis lineocellata,13,32-35C,dorsal,dorsal,0.08,0.92,2017,
Pedioplanis lineocellata,13,32-35C,dorsal,dorsal,0.08,0.92,2017,
Pedioplanis lineocellata,13,32-35C,dorsal,dorsal,0.09,0.91,2017,
Pedioplanis lineocellata,13,32-35C,dorsal,dorsal,0.08,0.92,2017,
Pedioplanis lineocellata,13,32-35C,dorsal,dorsal,0.09,0.91,2017,
Pedioplanis lineocellata,13,32-35C,dorsal,dorsal,0.09,0.91,2017,
Pedioplanis lineocellata,13,32-35C,dorsal,dorsal,0.09,0.91,2017,
Pedioplanis lineocellata,13,32-35C,dorsal,dorsal,0.09,0.91,2017,
Pedioplanis lineocellata,21,32-35C,dorsal,dorsal,0.1,0.9,2017,
Pedioplanis lineocellata,21,32-35C,dorsal,dorsal,0.1,0.9,2017,
Pedioplanis lineocellata,21,32-35C,dorsal,dorsal,0.1,0.9,2017,
Pedioplanis lineocellata,21,32-35C,dorsal,dorsal,0.13,0.87,2017,
Pedioplanis lineocellata,21,32-35C,dorsal,dorsal,0.13,0.87,2017,
Pedioplanis lineocellata,21,32-35C,dorsal,dorsal,0.13,0.87,2017,
Pedioplanis lineocellata,21,32-35C,dorsal,dorsal,0.09,0.91,2017,
Pedioplanis lineocellata,21,32-35C,dorsal,dorsal,0.09,0.91,2017,
Pedioplanis lineocellata,21,32-35C,dorsal,dorsal,0.09,0.91,2017,
Pedioplanis lineocellata,22,32-35C,dorsal,dorsal,0.09,0.91,2017,
Pedioplanis lineocellata,22,32-35C,dorsal,dorsal,0.08,0.92,2017,
Pedioplanis lineocellata,22,32-35C,dorsal,dorsal,0.08,0.92,2017,
Pedioplanis lineocellata,22,32-35C,dorsal,dorsal,0.11,0.89,2017,
Pedioplanis lineocellata,22,32-35C,dorsal,dorsal,0.12,0.88,2017,
Pedioplanis lineocellata,22,32-35C,dorsal,dorsal,0.12,0.88,2017,
Pedioplanis lineocellata,22,32-35C,dorsal,dorsal,0.1,0.9,2017,
Pedioplanis lineocellata,22,32-35C,dorsal,dorsal,0.11,0.89,2017,
Pedioplanis lineocellata,22,32-35C,dorsal,dorsal,0.11,0.89,2017,
Pedioplanis lineocellata,11,32-35C,dorsal,dorsal,0.07,0.93,2017,
Pedioplanis lineocellata,11,32-35C,dorsal,dorsal,0.07,0.93,2017,
Pedioplanis lineocellata,11,32-35C,dorsal,dorsal,0.07,0.93,2017,
Pedioplanis lineocellata,11,32-35C,dorsal,dorsal,0.05,0.95,2017,
Pedioplanis lineocellata,11,32-35C,dorsal,dorsal,0.05,0.95,2017,
Pedioplanis lineocellata,11,32-35C,dorsal,dorsal,0.06,0.94,2017,
Pedioplanis lineocellata,11,32-35C,dorsal,dorsal,0.09,0.91,2017,
Pedioplanis lineocellata,11,32-35C,dorsal,dorsal,0.09,0.91,2017,
Pedioplanis lineocellata,11,32-35C,dorsal,dorsal,0.09,0.91,2017,
Pedioplanis lineocellata,13,32-35C,dorsal,dorsal,0.09,0.91,2017,
Pedioplanis lineocellata,13,32-35C,dorsal,dorsal,0.09,0.91,2017,
Pedioplanis lineocellata,13,32-35C,dorsal,dorsal,0.09,0.91,2017,
Pedioplanis lineocellata,13,32-35C,dorsal,dorsal,0.07,0.93,2017,
Pedioplanis lineocellata,13,32-35C,dorsal,dorsal,0.07,0.93,2017,
Pedioplanis lineocellata,13,32-35C,dorsal,dorsal,0.07,0.93,2017,
Pedioplanis lineocellata,13,32-35C,dorsal,dorsal,0.08,0.92,2017,
Pedioplanis lineocellata,13,32-35C,dorsal,dorsal,0.08,0.92,2017,
Pedioplanis lineocellata,13,32-35C,dorsal,dorsal,0.08,0.92,2017,
Pedioplanis lineocellata,25,32-35C,dorsal,dorsal,0.09,0.91,2017,
Pedioplanis lineocellata,25,32-35C,dorsal,dorsal,0.08,0.92,2017,
Pedioplanis lineocellata,25,32-35C,dorsal,dorsal,0.08,0.92,2017,
Pedioplanis lineocellata,25,32-35C,dorsal,dorsal,0.1,0.9,2017,
Pedioplanis lineocellata,25,32-35C,dorsal,dorsal,0.1,0.9,2017,
Pedioplanis lineocellata,25,32-35C,dorsal,dorsal,0.09,0.91,2017,
Pedioplanis lineocellata,25,32-35C,dorsal,dorsal,0.08,0.92,2017,
Pedioplanis lineocellata,25,32-35C,dorsal,dorsal,0.09,0.91,2017,
Pedioplanis lineocellata,25,32-35C,dorsal,dorsal,0.09,0.91,2017,
Pedioplanis lineocellata,32,32-35C,dorsal,dorsal,0.06,0.94,2017,
Pedioplanis lineocellata,32,32-35C,dorsal,dorsal,0.06,0.94,2017,
Pedioplanis lineocellata,32,32-35C,dorsal,dorsal,0.06,0.94,2017,
Pedioplanis lineocellata,32,32-35C,dorsal,dorsal,0.06,0.94,2017,
Pedioplanis lineocellata,32,32-35C,dorsal,dorsal,0.05,0.95,2017,
Pedioplanis lineocellata,32,32-35C,dorsal,dorsal,0.05,0.95,2017,
Pedioplanis lineocellata,32,32-35C,dorsal,dorsal,0.06,0.94,2017,
Pedioplanis lineocellata,32,32-35C,dorsal,dorsal,0.08,0.92,2017,
Pedioplanis lineocellata,32,32-35C,dorsal,dorsal,0.08,0.92,2017,
Pedioplanis lineocellata,32,32-35C,dorsal,dorsal,0.08,0.92,2017,
Pedioplanis lineocellata,23,32-35C,dorsal,dorsal,0.07,0.93,2017,
Pedioplanis lineocellata,23,32-35C,dorsal,dorsal,0.07,0.93,2017,
Pedioplanis lineocellata,23,32-35C,dorsal,dorsal,0.07,0.93,2017,
Pedioplanis lineocellata,23,32-35C,dorsal,dorsal,0.08,0.92,2017,
Pedioplanis lineocellata,23,32-35C,dorsal,dorsal,0.09,0.91,2017,
Pedioplanis lineocellata,23,32-35C,dorsal,dorsal,0.09,0.91,2017,
Pedioplanis lineocellata,23,32-35C,dorsal,dorsal,0.08,0.92,2017,
Pedioplanis lineocellata,23,32-35C,dorsal,dorsal,0.08,0.92,2017,
Pedioplanis lineocellata,23,32-35C,dorsal,dorsal,0.08,0.92,2017,
Pedioplanis lineocellata,14,32-35C,dorsal,dorsal,0.06,0.94,2017,
Pedioplanis lineocellata,14,32-35C,dorsal,dorsal,0.06,0.94,2017,
Pedioplanis lineocellata,14,32-35C,dorsal,dorsal,0.07,0.93,2017,
Pedioplanis lineocellata,14,32-35C,dorsal,dorsal,0.11,0.89,2017,
Pedioplanis lineocellata,14,32-35C,dorsal,dorsal,0.11,0.89,2017,
Pedioplanis lineocellata,14,32-35C,dorsal,dorsal,0.11,0.89,2017,
Pedioplanis lineocellata,14,32-35C,dorsal,dorsal,0.06,0.94,2017,
Pedioplanis lineocellata,14,32-35C,dorsal,dorsal,0.07,0.93,2017,
Pedioplanis lineocellata,14,32-35C,dorsal,dorsal,0.06,0.94,2017,
Pedioplanis lineocellata,15,32-35C,dorsal,dorsal,0.07,0.93,2017,
Pedioplanis lineocellata,15,32-35C,dorsal,dorsal,0.07,0.93,2017,
Pedioplanis lineocellata,15,32-35C,dorsal,dorsal,0.07,0.93,2017,
Pedioplanis lineocellata,15,32-35C,dorsal,dorsal,0.06,0.94,2017,
Pedioplanis lineocellata,15,32-35C,dorsal,dorsal,0.06,0.94,2017,
Pedioplanis lineocellata,15,32-35C,dorsal,dorsal,0.06,0.94,2017,
Pedioplanis lineocellata,15,32-35C,dorsal,dorsal,0.07,0.93,2017,
Pedioplanis lineocellata,15,32-35C,dorsal,dorsal,0.07,0.93,2017,
Pedioplanis lineocellata,15,32-35C,dorsal,dorsal,0.07,0.93,2017,
Pedioplanis lineocellata,12,32-35C,dorsal,dorsal,0.08,0.92,2017,
Pedioplanis lineocellata,12,32-35C,dorsal,dorsal,0.09,0.91,2017,
Pedioplanis lineocellata,12,32-35C,dorsal,dorsal,0.1,0.9,2017,
Pedioplanis lineocellata,12,32-35C,dorsal,dorsal,0.05,0.95,2017,
Pedioplanis lineocellata,12,32-35C,dorsal,dorsal,0.06,0.94,2017,
Pedioplanis lineocellata,12,32-35C,dorsal,dorsal,0.05,0.95,2017,
Pedioplanis lineocellata,12,32-35C,dorsal,dorsal,0.07,0.93,2017,
Pedioplanis lineocellata,12,32-35C,dorsal,dorsal,0.07,0.93,2017,
Pedioplanis lineocellata,12,32-35C,dorsal,dorsal,0.07,0.93,2017,
Pedioplanis lineocellata,31,32-35C,dorsal,dorsal,0.07,0.93,2017,
Pedioplanis lineocellata,31,32-35C,dorsal,dorsal,0.07,0.93,2017,
Pedioplanis lineocellata,31,32-35C,dorsal,dorsal,0.07,0.93,2017,
Pedioplanis lineocellata,31,32-35C,dorsal,dorsal,0.06,0.94,2017,
Pedioplanis lineocellata,31,32-35C,dorsal,dorsal,0.05,0.95,2017,
Pedioplanis lineocellata,31,32-35C,dorsal,dorsal,0.06,0.94,2017,
Pedioplanis lineocellata,31,32-35C,dorsal,dorsal,0.07,0.93,2017,
Pedioplanis lineocellata,31,32-35C,dorsal,dorsal,0.07,0.93,2017,
Pedioplanis lineocellata,31,32-35C,dorsal,dorsal,0.07,0.93,2017,
Pedioplanis lineocellata,14,red sand background,dorsal,dorsal,0.08,0.92,2017,
Pedioplanis lineocellata,14,red sand background,dorsal,dorsal,0.09,0.91,2017,
Pedioplanis lineocellata,14,red sand background,dorsal,dorsal,0.09,0.91,2017,
Pedioplanis lineocellata,14,red sand background,dorsal,dorsal,0.09,0.91,2017,
Pedioplanis lineocellata,14,red sand background,dorsal,dorsal,0.08,0.92,2017,
Pedioplanis lineocellata,14,red sand background,dorsal,dorsal,0.09,0.91,2017,
Pedioplanis lineocellata,14,red sand background,dorsal,dorsal,0.1,0.9,2017,
Pedioplanis lineocellata,14,red sand background,dorsal,dorsal,0.1,0.9,2017,
Pedioplanis lineocellata,14,red sand background,dorsal,dorsal,0.1,0.9,2017,
Pedioplanis lineocellata,13,red sand background,dorsal,dorsal,0.08,0.92,2017,
Pedioplanis lineocellata,13,red sand background,dorsal,dorsal,0.08,0.92,2017,
Pedioplanis lineocellata,13,red sand background,dorsal,dorsal,0.08,0.92,2017,
Pedioplanis lineocellata,13,red sand background,dorsal,dorsal,0.09,0.91,2017,
Pedioplanis lineocellata,13,red sand background,dorsal,dorsal,0.09,0.91,2017,
Pedioplanis lineocellata,13,red sand background,dorsal,dorsal,0.09,0.91,2017,
Pedioplanis lineocellata,13,red sand background,dorsal,dorsal,0.07,0.93,2017,
Pedioplanis lineocellata,13,red sand background,dorsal,dorsal,0.06,0.94,2017,
Pedioplanis lineocellata,13,red sand background,dorsal,dorsal,0.06,0.94,2017,
Pedioplanis lineocellata,15,red sand background,dorsal,dorsal,0.07,0.93,2017,
Pedioplanis lineocellata,15,red sand background,dorsal,dorsal,0.08,0.92,2017,
Pedioplanis lineocellata,15,red sand background,dorsal,dorsal,0.08,0.92,2017,
Pedioplanis lineocellata,15,red sand background,dorsal,dorsal,0.09,0.91,2017,
Pedioplanis lineocellata,15,red sand background,dorsal,dorsal,0.09,0.91,2017,
Pedioplanis lineocellata,15,red sand background,dorsal,dorsal,0.09,0.91,2017,
Pedioplanis lineocellata,15,red sand background,dorsal,dorsal,0.07,0.93,2017,
Pedioplanis lineocellata,15,red sand background,dorsal,dorsal,0.07,0.93,2017,
Pedioplanis lineocellata,15,red sand background,dorsal,dorsal,0.07,0.93,2017,
Pedioplanis lineocellata,34,red sand background,dorsal,dorsal,0.08,0.92,2017,
Pedioplanis lineocellata,34,red sand background,dorsal,dorsal,0.08,0.92,2017,
Pedioplanis lineocellata,34,red sand background,dorsal,dorsal,0.08,0.92,2017,
Pedioplanis lineocellata,34,red sand background,dorsal,dorsal,0.11,0.89,2017,
Pedioplanis lineocellata,34,red sand background,dorsal,dorsal,0.11,0.89,2017,
Pedioplanis lineocellata,34,red sand background,dorsal,dorsal,0.12,0.88,2017,
Pedioplanis lineocellata,34,red sand background,dorsal,dorsal,0.1,0.9,2017,
Pedioplanis lineocellata,34,red sand background,dorsal,dorsal,0.1,0.9,2017,
Pedioplanis lineocellata,34,red sand background,dorsal,dorsal,0.1,0.9,2017,
Pedioplanis lineocellata,31,red sand background,dorsal,dorsal,0.07,0.93,2017,
Pedioplanis lineocellata,31,red sand background,dorsal,dorsal,0.07,0.93,2017,
Pedioplanis lineocellata,31,red sand background,dorsal,dorsal,0.07,0.93,2017,
Pedioplanis lineocellata,31,red sand background,dorsal,dorsal,0.06,0.94,2017,
Pedioplanis lineocellata,31,red sand background,dorsal,dorsal,0.07,0.93,2017,
Pedioplanis lineocellata,31,red sand background,dorsal,dorsal,0.07,0.93,2017,
Pedioplanis lineocellata,31,red sand background,dorsal,dorsal,0.07,0.93,2017,
Pedioplanis lineocellata,31,red sand background,dorsal,dorsal,0.08,0.92,2017,
Pedioplanis lineocellata,31,red sand background,dorsal,dorsal,0.08,0.92,2017,
Pedioplanis lineocellata,22,red sand background,dorsal,dorsal,0.06,0.94,2017,
Pedioplanis lineocellata,22,red sand background,dorsal,dorsal,0.06,0.94,2017,
Pedioplanis lineocellata,22,red sand background,dorsal,dorsal,0.07,0.93,2017,
Pedioplanis lineocellata,22,red sand background,dorsal,dorsal,0.08,0.92,2017,
Pedioplanis lineocellata,22,red sand background,dorsal,dorsal,0.07,0.93,2017,
Pedioplanis lineocellata,22,red sand background,dorsal,dorsal,0.07,0.93,2017,
Pedioplanis lineocellata,22,red sand background,dorsal,dorsal,0.08,0.92,2017,
Pedioplanis lineocellata,22,red sand background,dorsal,dorsal,0.08,0.92,2017,
Pedioplanis lineocellata,22,red sand background,dorsal,dorsal,0.08,0.92,2017,
Pedioplanis lineocellata,11,red sand background,dorsal,dorsal,0.07,0.93,2017,
Pedioplanis lineocellata,11,red sand background,dorsal,dorsal,0.07,0.93,2017,
Pedioplanis lineocellata,11,red sand background,dorsal,dorsal,0.07,0.93,2017,
Pedioplanis lineocellata,11,red sand background,dorsal,dorsal,0.06,0.94,2017,
Pedioplanis lineocellata,11,red sand background,dorsal,dorsal,0.06,0.94,2017,
Pedioplanis lineocellata,11,red sand background,dorsal,dorsal,0.06,0.94,2017,
Pedioplanis lineocellata,11,red sand background,dorsal,dorsal,0.08,0.92,2017,
Pedioplanis lineocellata,11,red sand background,dorsal,dorsal,0.08,0.92,2017,
Pedioplanis lineocellata,11,red sand background,dorsal,dorsal,0.07,0.93,2017,
Pedioplanis lineocellata,11,red sand background,dorsal,dorsal,0.1,0.9,2017,
Pedioplanis lineocellata,11,red sand background,dorsal,dorsal,0.1,0.9,2017,
Pedioplanis lineocellata,11,red sand background,dorsal,dorsal,0.1,0.9,2017,
Pedioplanis lineocellata,12,red sand background,dorsal,dorsal,0.06,0.94,2017,
Pedioplanis lineocellata,12,red sand background,dorsal,dorsal,0.06,0.94,2017,
Pedioplanis lineocellata,12,red sand background,dorsal,dorsal,0.06,0.94,2017,
Pedioplanis lineocellata,12,red sand background,dorsal,dorsal,0.06,0.94,2017,
Pedioplanis lineocellata,12,red sand background,dorsal,dorsal,0.05,0.95,2017,
Pedioplanis lineocellata,12,red sand background,dorsal,dorsal,0.05,0.95,2017,
Pedioplanis lineocellata,12,red sand background,dorsal,dorsal,0.08,0.92,2017,
Pedioplanis lineocellata,12,red sand background,dorsal,dorsal,0.08,0.92,2017,
Pedioplanis lineocellata,12,red sand background,dorsal,dorsal,0.08,0.92,2017,
Pedioplanis lineocellata,12,red sand background,dorsal,dorsal,0.07,0.93,2017,
Pedioplanis lineocellata,12,red sand background,dorsal,dorsal,0.07,0.93,2017,
Pedioplanis lineocellata,12,red sand background,dorsal,dorsal,0.07,0.93,2017,
Pedioplanis lineocellata,12,red sand background,dorsal,dorsal,0.06,0.94,2017,
Pedioplanis lineocellata,12,red sand background,dorsal,dorsal,0.06,0.94,2017,
Pedioplanis lineocellata,12,red sand background,dorsal,dorsal,0.07,0.93,2017,
Pedioplanis lineocellata,31,red sand background,dorsal,dorsal,0.06,0.94,2017,
Pedioplanis lineocellata,31,red sand background,dorsal,dorsal,0.06,0.94,2017,
Pedioplanis lineocellata,31,red sand background,dorsal,dorsal,0.06,0.94,2017,
Pedioplanis lineocellata,31,red sand background,dorsal,dorsal,0.07,0.93,2017,
Pedioplanis lineocellata,31,red sand background,dorsal,dorsal,0.06,0.94,2017,
Pedioplanis lineocellata,31,red sand background,dorsal,dorsal,0.06,0.94,2017,
Pedioplanis lineocellata,31,red sand background,dorsal,dorsal,0.05,0.95,2017,
Pedioplanis lineocellata,31,red sand background,dorsal,dorsal,0.06,0.94,2017,
Pedioplanis lineocellata,31,red sand background,dorsal,dorsal,0.08,0.92,2017,
Pedioplanis lineocellata,31,red sand background,dorsal,dorsal,0.09,0.91,2017,
Pedioplanis lineocellata,31,red sand background,dorsal,dorsal,0.09,0.91,2017,
Pedioplanis lineocellata,31,red sand background,dorsal,dorsal,0.08,0.92,2017,
Pedioplanis lineocellata,11,red sand background,dorsal,dorsal,0.09,0.91,2017,
Pedioplanis lineocellata,11,red sand background,dorsal,dorsal,0.08,0.92,2017,
Pedioplanis lineocellata,11,red sand background,dorsal,dorsal,0.08,0.92,2017,
Pedioplanis lineocellata,11,red sand background,dorsal,dorsal,0.07,0.93,2017,
Pedioplanis lineocellata,11,red sand background,dorsal,dorsal,0.08,0.92,2017,
Pedioplanis lineocellata,11,red sand background,dorsal,dorsal,0.07,0.93,2017,
Pedioplanis lineocellata,11,red sand background,dorsal,dorsal,0.09,0.91,2017,
Pedioplanis lineocellata,11,red sand background,dorsal,dorsal,0.09,0.91,2017,
Pedioplanis lineocellata,11,red sand background,dorsal,dorsal,0.09,0.91,2017,
Pedioplanis lineocellata,14,red sand background,dorsal,dorsal,0.1,0.9,2017,
Pedioplanis lineocellata,14,red sand background,dorsal,dorsal,0.1,0.9,2017,
Pedioplanis lineocellata,14,red sand background,dorsal,dorsal,0.1,0.9,2017,
Pedioplanis lineocellata,14,red sand background,dorsal,dorsal,0.08,0.92,2017,
Pedioplanis lineocellata,14,red sand background,dorsal,dorsal,0.07,0.93,2017,
Pedioplanis lineocellata,14,red sand background,dorsal,dorsal,0.07,0.93,2017,
Pedioplanis lineocellata,14,red sand background,dorsal,dorsal,0.09,0.91,2017,
Pedioplanis lineocellata,14,red sand background,dorsal,dorsal,0.1,0.9,2017,
Pedioplanis lineocellata,14,red sand background,dorsal,dorsal,0.1,0.9,2017,
Pedioplanis lineocellata,14,red sand background,dorsal,dorsal,0.07,0.93,2017,
Pedioplanis lineocellata,14,red sand background,dorsal,dorsal,0.07,0.93,2017,
Pedioplanis lineocellata,14,red sand background,dorsal,dorsal,0.07,0.93,2017,
Pedioplanis lineocellata,14,red sand background,dorsal,dorsal,0.11,0.89,2017,
Pedioplanis lineocellata,14,red sand background,dorsal,dorsal,0.11,0.89,2017,
Pedioplanis lineocellata,14,red sand background,dorsal,dorsal,0.11,0.89,2017,
Pedioplanis lineocellata,32,red sand background,dorsal,dorsal,0.08,0.92,2017,
Pedioplanis lineocellata,32,red sand background,dorsal,dorsal,0.07,0.93,2017,
Pedioplanis lineocellata,32,red sand background,dorsal,dorsal,0.07,0.93,2017,
Pedioplanis lineocellata,32,red sand background,dorsal,dorsal,0.07,0.93,2017,
Pedioplanis lineocellata,32,red sand background,dorsal,dorsal,0.07,0.93,2017,
Pedioplanis lineocellata,32,red sand background,dorsal,dorsal,0.07,0.93,2017,
Pedioplanis lineocellata,32,red sand background,dorsal,dorsal,0.11,0.89,2017,
Pedioplanis lineocellata,32,red sand background,dorsal,dorsal,0.11,0.89,2017,
Pedioplanis lineocellata,32,red sand background,dorsal,dorsal,0.11,0.89,2017,
Pedioplanis lineocellata,32,red sand background,dorsal,dorsal,0.08,0.92,2017,
Pedioplanis lineocellata,32,red sand background,dorsal,dorsal,0.08,0.92,2017,
Pedioplanis lineocellata,32,red sand background,dorsal,dorsal,0.08,0.92,2017,
Pedioplanis lineocellata,23,red sand background,dorsal,dorsal,0.11,0.89,2017,
Pedioplanis lineocellata,23,red sand background,dorsal,dorsal,0.11,0.89,2017,
Pedioplanis lineocellata,23,red sand background,dorsal,dorsal,0.11,0.89,2017,
Pedioplanis lineocellata,23,red sand background,dorsal,dorsal,0.09,0.91,2017,
Pedioplanis lineocellata,23,red sand background,dorsal,dorsal,0.08,0.92,2017,
Pedioplanis lineocellata,23,red sand background,dorsal,dorsal,0.08,0.92,2017,
Pedioplanis lineocellata,23,red sand background,dorsal,dorsal,0.09,0.91,2017,
Pedioplanis lineocellata,23,red sand background,dorsal,dorsal,0.09,0.91,2017,
Pedioplanis lineocellata,23,red sand background,dorsal,dorsal,0.09,0.91,2017,
Pedioplanis lineocellata,23,red sand background,dorsal,dorsal,0.1,0.9,2017,
Pedioplanis lineocellata,23,red sand background,dorsal,dorsal,0.1,0.9,2017,
Pedioplanis lineocellata,23,red sand background,dorsal,dorsal,0.1,0.9,2017,
Pedioplanis lineocellata,12,red sand background,dorsal,dorsal,0.08,0.92,2017,
Pedioplanis lineocellata,12,red sand background,dorsal,dorsal,0.07,0.93,2017,
Pedioplanis lineocellata,12,red sand background,dorsal,dorsal,0.08,0.92,2017,
Pedioplanis lineocellata,12,red sand background,dorsal,dorsal,0.07,0.93,2017,
Pedioplanis lineocellata,12,red sand background,dorsal,dorsal,0.07,0.93,2017,
Pedioplanis lineocellata,12,red sand background,dorsal,dorsal,0.07,0.93,2017,
Pedioplanis lineocellata,12,red sand background,dorsal,dorsal,0.07,0.93,2017,
Pedioplanis lineocellata,12,red sand background,dorsal,dorsal,0.07,0.93,2017,
Pedioplanis lineocellata,12,red sand background,dorsal,dorsal,0.06,0.94,2017,
Pedioplanis lineocellata,12,red sand background,dorsal,dorsal,0.06,0.94,2017,
Pedioplanis lineocellata,12,red sand background,dorsal,dorsal,0.06,0.94,2017,
Pedioplanis lineocellata,12,red sand background,dorsal,dorsal,0.06,0.94,2017,
Pedioplanis lineocellata,34,red sand background,dorsal,dorsal,0.09,0.91,2017,
Pedioplanis lineocellata,34,red sand background,dorsal,dorsal,0.09,0.91,2017,
Pedioplanis lineocellata,34,red sand background,dorsal,dorsal,0.09,0.91,2017,
Pedioplanis lineocellata,34,red sand background,dorsal,dorsal,0.09,0.91,2017,
Pedioplanis lineocellata,34,red sand background,dorsal,dorsal,0.09,0.91,2017,
Pedioplanis lineocellata,34,red sand background,dorsal,dorsal,0.09,0.91,2017,
Pedioplanis lineocellata,34,red sand background,dorsal,dorsal,0.09,0.91,2017,
Pedioplanis lineocellata,34,red sand background,dorsal,dorsal,0.08,0.92,2017,
Pedioplanis lineocellata,34,red sand background,dorsal,dorsal,0.09,0.91,2017,
Pedioplanis lineocellata,34,red sand background,dorsal,dorsal,0.13,0.87,2017,
Pedioplanis lineocellata,34,red sand background,dorsal,dorsal,0.12,0.88,2017,
Pedioplanis lineocellata,34,red sand background,dorsal,dorsal,0.12,0.88,2017,
Pedioplanis lineocellata,25,red sand background,dorsal,dorsal,0.09,0.91,2017,
Pedioplanis lineocellata,25,red sand background,dorsal,dorsal,0.09,0.91,2017,
Pedioplanis lineocellata,25,red sand background,dorsal,dorsal,0.1,0.9,2017,
Pedioplanis lineocellata,25,red sand background,dorsal,dorsal,0.12,0.88,2017,
Pedioplanis lineocellata,25,red sand background,dorsal,dorsal,0.13,0.87,2017,
Pedioplanis lineocellata,25,red sand background,dorsal,dorsal,0.14,0.86,2017,
Pedioplanis lineocellata,25,red sand background,dorsal,dorsal,0.07,0.93,2017,
Pedioplanis lineocellata,25,red sand background,dorsal,dorsal,0.07,0.93,2017,
Pedioplanis lineocellata,25,red sand background,dorsal,dorsal,0.07,0.93,2017,
Pedioplanis lineocellata,25,red sand background,dorsal,dorsal,0.07,0.93,2017,
Pedioplanis lineocellata,25,red sand background,dorsal,dorsal,0.07,0.93,2017,
Pedioplanis lineocellata,25,red sand background,dorsal,dorsal,0.07,0.93,2017,
Pedioplanis lineocellata,25,red sand background,dorsal,dorsal,0.07,0.93,2017,
Pedioplanis lineocellata,25,red sand background,dorsal,dorsal,0.07,0.93,2017,
Pedioplanis lineocellata,25,red sand background,dorsal,dorsal,0.07,0.93,2017,
Pedioplanis lineocellata,22,35,Dorsal central,dorsal,0.1,0.9,2019,
Pedioplanis lineocellata,22,35,Dorsal central,dorsal,0.1,0.9,2019,
Pedioplanis lineocellata,22,35,Dorsal central,dorsal,0.1,0.9,2019,
Pedioplanis lineocellata,22,35,Dorsal central,dorsal,0.08,0.92,2019,
Pedioplanis lineocellata,22,35,Dorsal central,dorsal,0.08,0.92,2019,
Pedioplanis lineocellata,22,35,Dorsal central,dorsal,0.08,0.92,2019,
Pedioplanis lineocellata,13,34,Dorsal central,dorsal,0.12,0.88,2019,room temp ~30-32C
Pedioplanis lineocellata,13,34,Dorsal central,dorsal,0.12,0.88,2019,
Pedioplanis lineocellata,13,34,Dorsal central,dorsal,0.09,0.91,2019,
Pedioplanis lineocellata,11,35,Dorsal central,dorsal,0.1,0.9,2019,has really red colour in the inside of post legs
Pedioplanis lineocellata,11,35,Dorsal central,dorsal,0.09,0.91,2019,
Pedioplanis lineocellata,11,35,Dorsal central,dorsal,0.09,0.91,2019,
Pedioplanis lineocellata,11,35,Dorsal central,dorsal,0.11,0.89,2019,
Pedioplanis lineocellata,11,35,Dorsal central,dorsal,0.11,0.89,2019,
Pedioplanis lineocellata,11,35,Dorsal central,dorsal,0.11,0.89,2019,
Pedioplanis lineocellata,19,34.5,Dorsal central,dorsal,0.07,0.93,2019,
Pedioplanis lineocellata,19,34.5,Dorsal central,dorsal,0.07,0.93,2019,
Pedioplanis lineocellata,19,34.5,Dorsal central,dorsal,0.07,0.93,2019,
Pedioplanis lineocellata,19,34.5,Dorsal central,dorsal,0.08,0.92,2019,
Pedioplanis lineocellata,19,34.5,Dorsal central,dorsal,0.08,0.92,2019,
Pedioplanis lineocellata,19,34.5,Dorsal central,dorsal,0.08,0.92,2019,
Pedioplanis lineocellata,20,34.5,Dorsal central,dorsal,0.11,0.89,2019,
Pedioplanis lineocellata,20,34.5,Dorsal central,dorsal,0.11,0.89,2019,
Pedioplanis lineocellata,20,34.5,Dorsal central,dorsal,0.12,0.88,2019,
Pedioplanis lineocellata,20,34.5,Dorsal central,dorsal,0.1,0.9,2019,
Pedioplanis lineocellata,20,34.5,Dorsal central,dorsal,0.1,0.9,2019,
Pedioplanis lineocellata,20,34.5,Dorsal central,dorsal,0.1,0.9,2019,
Pedioplanis lineocellata,28,32.5,Dorsal central,dorsal,0.12,0.88,2019,
Pedioplanis lineocellata,28,32.5,Dorsal central,dorsal,0.11,0.89,2019,
Pedioplanis lineocellata,28,32.5,Dorsal central,dorsal,0.11,0.89,2019,
Pedioplanis lineocellata,28,32.5,Dorsal central,dorsal,0.09,0.91,2019,
Pedioplanis lineocellata,28,32.5,Dorsal central,dorsal,0.09,0.91,2019,
Pedioplanis lineocellata,28,32.5,Dorsal central,dorsal,0.08,0.92,2019,
Pedioplanis lineocellata,24,33,Dorsal central,dorsal,0.08,0.92,2019,
Pedioplanis lineocellata,24,33,Dorsal central,dorsal,0.08,0.92,2019,
Pedioplanis lineocellata,24,33,Dorsal central,dorsal,0.08,0.92,2019,
Pedioplanis lineocellata,24,33,Dorsal central,dorsal,0.09,0.91,2019,
Pedioplanis lineocellata,24,33,Dorsal central,dorsal,0.08,0.92,2019,
Pedioplanis lineocellata,24,33,Dorsal central,dorsal,0.08,0.92,2019,
Pedioplanis lineocellata,30,35,Dorsal central,dorsal,0.1,0.9,2019,
Pedioplanis lineocellata,30,35,Dorsal central,dorsal,0.1,0.9,2019,
Pedioplanis lineocellata,30,35,Dorsal central,dorsal,0.1,0.9,2019,
Pedioplanis lineocellata,30,35,Dorsal central,dorsal,0.14,0.86,2019,
Pedioplanis lineocellata,30,35,Dorsal central,dorsal,0.13,0.87,2019,
Pedioplanis lineocellata,30,35,Dorsal central,dorsal,0.13,0.87,2019,
Pedioplanis lineocellata,32,35,Dorsal central,dorsal,0.07,0.93,2019,
Pedioplanis lineocellata,32,35,Dorsal central,dorsal,0.07,0.93,2019,
Pedioplanis lineocellata,32,35,Dorsal central,dorsal,0.07,0.93,2019,
Pedioplanis lineocellata,32,35,Dorsal central,dorsal,0.14,0.86,2019,
Pedioplanis lineocellata,32,35,Dorsal central,dorsal,0.13,0.87,2019,
Pedioplanis lineocellata,32,35,Dorsal central,dorsal,0.14,0.86,2019,
Pedioplanis lineocellata,35,30,Dorsal central,dorsal,0.09,0.91,2019,
Pedioplanis lineocellata,35,30,Dorsal central,dorsal,0.09,0.91,2019,
Pedioplanis lineocellata,35,30,Dorsal central,dorsal,0.08,0.92,2019,
Pedioplanis lineocellata,35,30,Dorsal central,dorsal,0.08,0.92,2019,
Pedioplanis lineocellata,35,30,Dorsal central,dorsal,0.08,0.92,2019,
Pedioplanis lineocellata,35,30,Dorsal central,dorsal,0.08,0.92,2019,
Pedioplanis lineocellata,40,30,Dorsal central,dorsal,0.11,0.89,2019,"very light colour, looks like female"
Pedioplanis lineocellata,40,30,Dorsal central,dorsal,0.11,0.89,2019,
Pedioplanis lineocellata,40,30,Dorsal central,dorsal,0.11,0.89,2019,
Pedioplanis lineocellata,40,30,Dorsal central,dorsal,0.14,0.86,2019,
Pedioplanis lineocellata,40,30,Dorsal central,dorsal,0.13,0.87,2019,
Pedioplanis lineocellata,40,30,Dorsal central,dorsal,0.14,0.86,2019,
Pedioplanis lineocellata,33.1,30,Dorsal central,dorsal,0.08,0.92,2019,red behind post. Legs
Pedioplanis lineocellata,33.1,30,Dorsal central,dorsal,0.08,0.92,2019,
Pedioplanis lineocellata,33.1,30,Dorsal central,dorsal,0.08,0.92,2019,
Pedioplanis lineocellata,33.1,30,Dorsal central,dorsal,0.09,0.91,2019,
Pedioplanis lineocellata,33.1,30,Dorsal central,dorsal,0.09,0.91,2019,
Pedioplanis lineocellata,33.1,30,Dorsal central,dorsal,0.09,0.91,2019,
Meroles suborbitalis,no id,30,Dorsal central,dorsal,0.05,0.95,2019,juveniles
Meroles suborbitalis,no id,30,Dorsal central,dorsal,0.05,0.95,2019,
Meroles suborbitalis,no id,30,Dorsal central,dorsal,0.05,0.95,2019,
Meroles suborbitalis,no id,30,Dorsal central,dorsal,0.05,0.95,2019,
Meroles suborbitalis,no id,30,Dorsal central,dorsal,0.05,0.95,2019,
Meroles suborbitalis,no id,30,Dorsal central,dorsal,0.05,0.95,2019,
Pedioplanis lineocellata,41,30,Dorsal central,dorsal,0.09,0.91,2019,very matt colour individual
Pedioplanis lineocellata,41,30,Dorsal central,dorsal,0.09,0.91,2019,
Pedioplanis lineocellata,41,30,Dorsal central,dorsal,0.09,0.91,2019,
Pedioplanis lineocellata,41,30,Dorsal central,dorsal,0.14,0.86,2019,
Pedioplanis lineocellata,41,30,Dorsal central,dorsal,0.15,0.85,2019,
Pedioplanis lineocellata,41,30,Dorsal central,dorsal,0.15,0.85,2019,
Pedioplanis lineocellata,V,34,Dorsal central,dorsal,0.12,0.88,2019,
Pedioplanis lineocellata,V,34,Dorsal central,dorsal,0.11,0.89,2019,
Pedioplanis lineocellata,V,34,Dorsal central,dorsal,0.11,0.89,2019,
Pedioplanis lineocellata,V,34,Dorsal central,dorsal,0.1,0.9,2019,
Pedioplanis lineocellata,V,34,Dorsal central,dorsal,0.1,0.9,2019,
Pedioplanis lineocellata,V,34,Dorsal central,dorsal,0.1,0.9,2019,
Pedioplanis lineocellata,X,34,Dorsal central,dorsal,0.08,0.92,2019,
Pedioplanis lineocellata,X,34,Dorsal central,dorsal,0.08,0.92,2019,
Pedioplanis lineocellata,X,34,Dorsal central,dorsal,0.08,0.92,2019,
Pedioplanis lineocellata,X,34,Dorsal central,dorsal,0.11,0.89,2019,
Pedioplanis lineocellata,X,34,Dorsal central,dorsal,0.11,0.89,2019,
Pedioplanis lineocellata,X,34,Dorsal central,dorsal,0.11,0.89,2019,
Pedioplanis lineocellata,Z,34,Dorsal central,dorsal,0.11,0.89,2019,
Pedioplanis lineocellata,Z,34,Dorsal central,dorsal,0.12,0.88,2019,
Pedioplanis lineocellata,Z,34,Dorsal central,dorsal,0.11,0.89,2019,
Pedioplanis lineocellata,Z,34,Dorsal central,dorsal,0.12,0.88,2019,
Pedioplanis lineocellata,Z,34,Dorsal central,dorsal,0.11,0.89,2019,
Pedioplanis lineocellata,L,32,Dorsal central,dorsal,0.13,0.87,2019,very red individual
Pedioplanis lineocellata,L,32,Dorsal central,dorsal,0.12,0.88,2019,
Pedioplanis lineocellata,L,32,Dorsal central,dorsal,0.12,0.88,2019,
Pedioplanis lineocellata,L,32,Dorsal central,dorsal,0.09,0.91,2019,
Pedioplanis lineocellata,L,32,Dorsal central,dorsal,0.11,0.89,2019,
Pedioplanis lineocellata,L,32,Dorsal central,dorsal,0.11,0.89,2019,
Trachylepis sparsa,no id,37,Dorsal central,dorsal,0.11,0.89,2019,caught just outside of cheeta house_TR
Trachylepis sparsa,no id,37,Dorsal central,dorsal,0.11,0.89,2019,
Trachylepis sparsa,no id,37,Dorsal central,dorsal,0.11,0.89,2019,
Trachylepis sparsa,no id,37,Dorsal central,dorsal,0.11,0.89,2019,
Trachylepis sparsa,no id,37,Dorsal central,dorsal,0.11,0.89,2019,
Trachylepis sparsa,no id,37,Dorsal central,dorsal,0.11,0.89,2019,
Pedioplanis lineocellata,22,35,Dorsal lateral,dorsal,0.05,0.95,2019,
Pedioplanis lineocellata,22,35,Dorsal lateral,dorsal,0.06,0.94,2019,
Pedioplanis lineocellata,22,35,Dorsal lateral,dorsal,0.06,0.94,2019,
Pedioplanis lineocellata,22,35,Dorsal lateral,dorsal,0.11,0.89,2019,
Pedioplanis lineocellata,22,35,Dorsal lateral,dorsal,0.1,0.9,2019,
Pedioplanis lineocellata,22,35,Dorsal lateral,dorsal,0.1,0.9,2019,
Pedioplanis lineocellata,13,34,Dorsal lateral,dorsal,0.08,0.92,2019,
Pedioplanis lineocellata,13,34,Dorsal lateral,dorsal,0.09,0.91,2019,
Pedioplanis lineocellata,13,34,Dorsal lateral,dorsal,0.3,0.7,2019,
Pedioplanis lineocellata,11,35,Dorsal lateral,dorsal,0.04,0.96,2019,
Pedioplanis lineocellata,11,35,Dorsal lateral,dorsal,0.05,0.95,2019,
Pedioplanis lineocellata,11,35,Dorsal lateral,dorsal,0.04,0.96,2019,
Pedioplanis lineocellata,19,34.5,Dorsal lateral,dorsal,0.04,0.96,2019,
Pedioplanis lineocellata,19,34.5,Dorsal lateral,dorsal,0.04,0.96,2019,
Pedioplanis lineocellata,19,34.5,Dorsal lateral,dorsal,0.04,0.96,2019,
Pedioplanis lineocellata,20,34.5,Dorsal lateral,dorsal,0.08,0.92,2019,
Pedioplanis lineocellata,20,34.5,Dorsal lateral,dorsal,0.08,0.92,2019,
Pedioplanis lineocellata,20,34.5,Dorsal lateral,dorsal,0.08,0.92,2019,
Pedioplanis lineocellata,28,32.5,Dorsal lateral,dorsal,0.06,0.94,2019,
Pedioplanis lineocellata,28,32.5,Dorsal lateral,dorsal,0.06,0.94,2019,
Pedioplanis lineocellata,28,32.5,Dorsal lateral,dorsal,0.06,0.94,2019,
Pedioplanis lineocellata,24,33,Dorsal lateral,dorsal,0.06,0.94,2019,
Pedioplanis lineocellata,24,33,Dorsal lateral,dorsal,0.07,0.93,2019,
Pedioplanis lineocellata,24,33,Dorsal lateral,dorsal,0.21,0.79,2019,
Pedioplanis lineocellata,30,35,Dorsal lateral,dorsal,0.06,0.94,2019,
Pedioplanis lineocellata,30,35,Dorsal lateral,dorsal,0.05,0.95,2019,
Pedioplanis lineocellata,30,35,Dorsal lateral,dorsal,0.06,0.94,2019,
Pedioplanis lineocellata,30,35,Dorsal lateral,dorsal,0.05,0.95,2019,
Pedioplanis lineocellata,30,35,Dorsal lateral,dorsal,0.05,0.95,2019,
Pedioplanis lineocellata,30,35,Dorsal lateral,dorsal,0.05,0.95,2019,
Pedioplanis lineocellata,32,35,Dorsal lateral,dorsal,0.09,0.91,2019,
Pedioplanis lineocellata,32,35,Dorsal lateral,dorsal,0.09,0.91,2019,
Pedioplanis lineocellata,32,35,Dorsal lateral,dorsal,0.08,0.92,2019,
Pedioplanis lineocellata,32,35,Dorsal lateral,dorsal,0.08,0.92,2019,
Pedioplanis lineocellata,32,35,Dorsal lateral,dorsal,0.09,0.91,2019,
Pedioplanis lineocellata,32,35,Dorsal lateral,dorsal,0.09,0.91,2019,
Pedioplanis lineocellata,35,30,Dorsal lateral,dorsal,0.07,0.93,2019,
Pedioplanis lineocellata,35,30,Dorsal lateral,dorsal,0.07,0.93,2019,
Pedioplanis lineocellata,35,30,Dorsal lateral,dorsal,0.07,0.93,2019,
Pedioplanis lineocellata,35,30,Dorsal lateral,dorsal,0.03,0.97,2019,
Pedioplanis lineocellata,35,30,Dorsal lateral,dorsal,0.03,0.97,2019,
Pedioplanis lineocellata,35,30,Dorsal lateral,dorsal,0.03,0.97,2019,
Pedioplanis lineocellata,40,30,Dorsal lateral,dorsal,0.06,0.94,2019,
Pedioplanis lineocellata,40,30,Dorsal lateral,dorsal,0.05,0.95,2019,
Pedioplanis lineocellata,40,30,Dorsal lateral,dorsal,0.06,0.94,2019,
Pedioplanis lineocellata,40,30,Dorsal lateral,dorsal,0.04,0.96,2019,
Pedioplanis lineocellata,40,30,Dorsal lateral,dorsal,0.04,0.96,2019,
Pedioplanis lineocellata,40,30,Dorsal lateral,dorsal,0.04,0.96,2019,
Pedioplanis lineocellata,33.1,30,Dorsal lateral,dorsal,0.06,0.94,2019,
Pedioplanis lineocellata,33.1,30,Dorsal lateral,dorsal,0.06,0.94,2019,
Pedioplanis lineocellata,33.1,30,Dorsal lateral,dorsal,0.06,0.94,2019,
Pedioplanis lineocellata,33.1,30,Dorsal lateral,dorsal,0.03,0.97,2019,
Pedioplanis lineocellata,33.1,30,Dorsal lateral,dorsal,0.03,0.97,2019,
Pedioplanis lineocellata,33.1,30,Dorsal lateral,dorsal,0.03,0.97,2019,
Meroles suborbitalis,no id,30,Dorsal lateral,dorsal,0.02,0.98,2019,
Meroles suborbitalis,no id,30,Dorsal lateral,dorsal,0.02,0.98,2019,
Meroles suborbitalis,no id,30,Dorsal lateral,dorsal,0.02,0.98,2019,
Pedioplanis lineocellata,41,30,Dorsal lateral,dorsal,0.07,0.93,2019,
Pedioplanis lineocellata,41,30,Dorsal lateral,dorsal,0.08,0.92,2019,
Pedioplanis lineocellata,41,30,Dorsal lateral,dorsal,0.07,0.93,2019,
Pedioplanis lineocellata,41,30,Dorsal lateral,dorsal,0.06,0.94,2019,
Pedioplanis lineocellata,41,30,Dorsal lateral,dorsal,0.07,0.93,2019,
Pedioplanis lineocellata,41,30,Dorsal lateral,dorsal,0.06,0.94,2019,
Pedioplanis lineocellata,V,34,Dorsal lateral,dorsal,0.04,0.96,2019,
Pedioplanis lineocellata,V,34,Dorsal lateral,dorsal,0.04,0.96,2019,
Pedioplanis lineocellata,V,34,Dorsal lateral,dorsal,0.04,0.96,2019,
Pedioplanis lineocellata,V,34,Dorsal lateral,dorsal,0.04,0.96,2019,
Pedioplanis lineocellata,V,34,Dorsal lateral,dorsal,0.04,0.96,2019,
Pedioplanis lineocellata,V,34,Dorsal lateral,dorsal,0.04,0.96,2019,
Pedioplanis lineocellata,X,34,Dorsal lateral,dorsal,0.07,0.93,2019,
Pedioplanis lineocellata,X,34,Dorsal lateral,dorsal,0.07,0.93,2019,
Pedioplanis lineocellata,X,34,Dorsal lateral,dorsal,0.06,0.94,2019,
Pedioplanis lineocellata,X,34,Dorsal lateral,dorsal,0.07,0.93,2019,
Pedioplanis lineocellata,X,34,Dorsal lateral,dorsal,0.07,0.93,2019,
Pedioplanis lineocellata,X,34,Dorsal lateral,dorsal,0.07,0.93,2019,
Pedioplanis lineocellata,Z,34,Dorsal lateral,dorsal,0.08,0.92,2019,
Pedioplanis lineocellata,Z,34,Dorsal lateral,dorsal,0.07,0.93,2019,
Pedioplanis lineocellata,Z,34,Dorsal lateral,dorsal,0.07,0.93,2019,
Pedioplanis lineocellata,Z,34,Dorsal lateral,dorsal,0.05,0.95,2019,
Pedioplanis lineocellata,Z,34,Dorsal lateral,dorsal,0.05,0.95,2019,
Pedioplanis lineocellata,Z,34,Dorsal lateral,dorsal,0.04,0.96,2019,
Pedioplanis lineocellata,L,32,Dorsal lateral,dorsal,0.1,0.9,2019,
Pedioplanis lineocellata,L,32,Dorsal lateral,dorsal,0.1,0.9,2019,
Pedioplanis lineocellata,L,32,Dorsal lateral,dorsal,0.11,0.89,2019,
Trachylepis sparsa,no id,37,Dorsal lateral,dorsal,0.1,0.9,2019,
Trachylepis sparsa,no id,37,Dorsal lateral,dorsal,0.1,0.9,2019,
Trachylepis sparsa,no id,37,Dorsal lateral,dorsal,0.1,0.9,2019,
Agama aculeata aculeata,NA,25C,dorsal_central,dorsal,0.18,0.82,2017,
Agama aculeata aculeata,NA,25C,dorsal_central,dorsal,0.18,0.82,2017,
Agama aculeata aculeata,NA,25C,dorsal_central,dorsal,0.19,0.81,2017,
Agama aculeata aculeata,NA,25C,dorsal_left,dorsal,0.16,0.84,2017,
Agama aculeata aculeata,NA,25C,dorsal_left,dorsal,0.16,0.84,2017,
Agama aculeata aculeata,NA,25C,dorsal_left,dorsal,0.16,0.84,2017,
Agama aculeata aculeata,NA,25C,dorsal_right,dorsal,0.21,0.79,2017,
Agama aculeata aculeata,NA,25C,dorsal_right,dorsal,0.21,0.79,2017,
Agama aculeata aculeata,NA,25C,dorsal_right,dorsal,0.21,0.79,2017,
Pedioplanis lineocellata,001/3-4,25C,green spots,other,0.09,0.91,2017,
Pedioplanis lineocellata,001/3-4,25C,green spots,other,0.09,0.91,2017,
Pedioplanis lineocellata,001/3-4,25C,green spots,other,0.09,0.91,2017,
Pedioplanis lineocellata,001/3-4,25C,green spots,other,0.11,0.89,2017,
Pedioplanis lineocellata,001/3-4,25C,green spots,other,0.11,0.89,2017,
Pedioplanis lineocellata,001/3-4,25C,green spots,other,0.11,0.89,2017,
Pedioplanis lineocellata,001/3-4,25C,green spots,other,0.25,0.75,2017,
Pedioplanis lineocellata,001/3-4,25C,green spots,other,0.07,0.93,2017,
Pedioplanis lineocellata,001/3-4,25C,green spots,other,0.08,0.92,2017,
Pedioplanis lineocellata,001/3-4,25C,green spots,other,0.07,0.93,2017,
Pedioplanis lineocellata,13,25C,green spots,other,0.07,0.93,2017,
Pedioplanis lineocellata,13,25C,green spots,other,0.07,0.93,2017,
Pedioplanis lineocellata,13,25C,green spots,other,0.07,0.93,2017,
Pedioplanis lineocellata,13,25C,green spots,other,0.04,0.96,2017,
Pedioplanis lineocellata,13,25C,green spots,other,0.05,0.95,2017,
Pedioplanis lineocellata,13,25C,green spots,other,0.05,0.95,2017,
Pedioplanis lineocellata,13,25C,green spots,other,0.06,0.94,2017,
Pedioplanis lineocellata,13,25C,green spots,other,0.05,0.95,2017,
Pedioplanis lineocellata,13,25C,green spots,other,0.05,0.95,2017,
Pedioplanis lineocellata,13,25C,green spots,other,0.04,0.96,2017,
Pedioplanis lineocellata,13,25C,green spots,other,0.04,0.96,2017,
Pedioplanis lineocellata,13,25C,green spots,other,0.04,0.96,2017,
Pedioplanis lineocellata,15,25C,green spots,other,0.07,0.93,2017,
Pedioplanis lineocellata,15,25C,green spots,other,0.08,0.92,2017,
Pedioplanis lineocellata,15,25C,green spots,other,0.06,0.94,2017,
Pedioplanis lineocellata,15,25C,green spots,other,0.08,0.92,2017,
Pedioplanis lineocellata,15,25C,green spots,other,0.09,0.91,2017,
Pedioplanis lineocellata,15,25C,green spots,other,0.08,0.92,2017,
Pedioplanis lineocellata,15,25C,green spots,other,0.07,0.93,2017,
Pedioplanis lineocellata,15,25C,green spots,other,0.07,0.93,2017,
Pedioplanis lineocellata,15,25C,green spots,other,0.07,0.93,2017,
Pedioplanis lineocellata,15,25C,green spots,other,0.07,0.93,2017,
Pedioplanis lineocellata,15,25C,green spots,other,0.1,0.9,2017,
Pedioplanis lineocellata,15,25C,green spots,other,0.12,0.88,2017,
Pedioplanis lineocellata,22,25C,green spots,other,0.07,0.93,2017,
Pedioplanis lineocellata,22,25C,green spots,other,0.08,0.92,2017,
Pedioplanis lineocellata,22,25C,green spots,other,0.08,0.92,2017,
Pedioplanis lineocellata,22,25C,green spots,other,0.09,0.91,2017,
Pedioplanis lineocellata,22,25C,green spots,other,0.08,0.92,2017,
Pedioplanis lineocellata,22,25C,green spots,other,0.09,0.91,2017,
Pedioplanis lineocellata,22,25C,green spots,other,0.05,0.95,2017,
Pedioplanis lineocellata,22,25C,green spots,other,0.06,0.94,2017,
Pedioplanis lineocellata,22,25C,green spots,other,0.05,0.95,2017,
Pedioplanis lineocellata,22,25C,green spots,other,0.08,0.92,2017,
Pedioplanis lineocellata,22,25C,green spots,other,0.08,0.92,2017,
Pedioplanis lineocellata,22,25C,green spots,other,0.07,0.93,2017,
Pedioplanis lineocellata,23,25C,green spots,other,0.11,0.89,2017,
Pedioplanis lineocellata,23,25C,green spots,other,0.13,0.87,2017,
Pedioplanis lineocellata,23,25C,green spots,other,0.17,0.83,2017,
Pedioplanis lineocellata,23,25C,green spots,other,0.1,0.9,2017,
Pedioplanis lineocellata,23,25C,green spots,other,0.11,0.89,2017,
Pedioplanis lineocellata,23,25C,green spots,other,0.11,0.89,2017,
Pedioplanis lineocellata,23,25C,green spots,other,0.07,0.93,2017,
Pedioplanis lineocellata,23,25C,green spots,other,0.07,0.93,2017,
Pedioplanis lineocellata,23,25C,green spots,other,0.09,0.91,2017,
Pedioplanis lineocellata,11,25C,green spots,other,0.12,0.88,2017,
Pedioplanis lineocellata,11,25C,green spots,other,0.1,0.9,2017,
Pedioplanis lineocellata,11,25C,green spots,other,0.07,0.93,2017,
Pedioplanis lineocellata,11,25C,green spots,other,0.07,0.93,2017,
Pedioplanis lineocellata,11,25C,green spots,other,0.09,0.91,2017,
Pedioplanis lineocellata,11,25C,green spots,other,0.12,0.88,2017,
Pedioplanis lineocellata,11,25C,green spots,other,0.07,0.93,2017,
Pedioplanis lineocellata,11,25C,green spots,other,0.08,0.92,2017,
Pedioplanis lineocellata,11,25C,green spots,other,0.06,0.94,2017,
Pedioplanis lineocellata,14,25C,green spots,other,0.07,0.93,2017,
Pedioplanis lineocellata,14,25C,green spots,other,0.05,0.95,2017,
Pedioplanis lineocellata,14,25C,green spots,other,0.06,0.94,2017,
Pedioplanis lineocellata,14,25C,green spots,other,0.06,0.94,2017,
Pedioplanis lineocellata,14,25C,green spots,other,0.06,0.94,2017,
Pedioplanis lineocellata,14,25C,green spots,other,0.06,0.94,2017,
Pedioplanis lineocellata,14,25C,green spots,other,0.08,0.92,2017,
Pedioplanis lineocellata,14,25C,green spots,other,0.06,0.94,2017,
Pedioplanis lineocellata,14,25C,green spots,other,0.08,0.92,2017,
Pedioplanis lineocellata,1001,25C,green spots,other,0.12,0.88,2017,
Pedioplanis lineocellata,1001,25C,green spots,other,0.12,0.88,2017,
Pedioplanis lineocellata,1001,25C,green spots,other,0.13,0.87,2017,
Pedioplanis lineocellata,1001,25C,green spots,other,0.04,0.96,2017,
Pedioplanis lineocellata,1001,25C,green spots,other,0.04,0.96,2017,
Pedioplanis lineocellata,1001,25C,green spots,other,0.04,0.96,2017,
Pedioplanis lineocellata,1001,25C,green spots,other,0.04,0.96,2017,
Pedioplanis lineocellata,1001,25C,green spots,other,0.05,0.95,2017,
Pedioplanis lineocellata,1001,25C,green spots,other,0.05,0.95,2017,
Pedioplanis lineocellata,25,25C,green spots,other,0.06,0.94,2017,
Pedioplanis lineocellata,25,25C,green spots,other,0.06,0.94,2017,
Pedioplanis lineocellata,25,25C,green spots,other,0.06,0.94,2017,
Pedioplanis lineocellata,25,25C,green spots,other,0.09,0.91,2017,
Pedioplanis lineocellata,25,25C,green spots,other,0.11,0.89,2017,
Pedioplanis lineocellata,25,25C,green spots,other,0.1,0.9,2017,
Pedioplanis lineocellata,12,25C,green spots,other,0.05,0.95,2017,
Pedioplanis lineocellata,12,25C,green spots,other,0.05,0.95,2017,
Pedioplanis lineocellata,12,25C,green spots,other,0.05,0.95,2017,
Pedioplanis lineocellata,12,25C,green spots,other,0.06,0.94,2017,
Pedioplanis lineocellata,12,25C,green spots,other,0.06,0.94,2017,
Pedioplanis lineocellata,12,25C,green spots,other,0.06,0.94,2017,
Pedioplanis lineocellata,33,25C,green spots,other,0.07,0.93,2017,
Pedioplanis lineocellata,33,25C,green spots,other,0.07,0.93,2017,
Pedioplanis lineocellata,33,25C,green spots,other,0.07,0.93,2017,
Pedioplanis lineocellata,33,25C,green spots,other,0.07,0.93,2017,
Pedioplanis lineocellata,33,25C,green spots,other,0.07,0.93,2017,
Pedioplanis lineocellata,33,25C,green spots,other,0.08,0.92,2017,
Pedioplanis lineocellata,32,25C,green spots,other,0.05,0.95,2017,
Pedioplanis lineocellata,32,25C,green spots,other,0.05,0.95,2017,
Pedioplanis lineocellata,32,25C,green spots,other,0.05,0.95,2017,
Pedioplanis lineocellata,32,25C,green spots,other,0.05,0.95,2017,
Pedioplanis lineocellata,32,25C,green spots,other,0.05,0.95,2017,
Pedioplanis lineocellata,32,25C,green spots,other,0.05,0.95,2017,
Pedioplanis lineocellata,45,field fresh,green spots,other,0.07,0.93,2017,
Pedioplanis lineocellata,45,field fresh,green spots,other,0.07,0.93,2017,
Pedioplanis lineocellata,45,field fresh,green spots,other,0.07,0.93,2017,
Pedioplanis lineocellata,45,field fresh,green spots,other,0.07,0.93,2017,
Pedioplanis lineocellata,45,field fresh,green spots,other,0.06,0.94,2017,
Pedioplanis lineocellata,41,25C,green spots,other,0.08,0.92,2017,
Pedioplanis lineocellata,41,25C,green spots,other,0.08,0.92,2017,
Pedioplanis lineocellata,41,25C,green spots,other,0.08,0.92,2017,
Pedioplanis lineocellata,41,25C,green spots,other,0.05,0.95,2017,
Pedioplanis lineocellata,41,25C,green spots,other,0.05,0.95,2017,
Pedioplanis lineocellata,41,25C,green spots,other,0.06,0.94,2017,
Agama aculeata aculeata,NA,25C,throat,ventral,0.26,0.74,2017,
Agama aculeata aculeata,NA,25C,throat,ventral,0.26,0.74,2017,
Agama aculeata aculeata,NA,25C,throat,ventral,0.27,0.73,2017,
Meroles suborbitalis,5300,25C,throat,ventral,0.15,0.85,2017,
Meroles suborbitalis,5300,25C,throat,ventral,0.15,0.85,2017,
Meroles suborbitalis,5300,25C,throat,ventral,0.15,0.85,2017,
Meroles suborbitalis,5100,25C,throat,ventral,0.14,0.86,2017,
Meroles suborbitalis,5100,25C,throat,ventral,0.13,0.87,2017,
Meroles suborbitalis,5100,25C,throat,ventral,0.14,0.86,2017,
Meroles suborbitalis,5200,25C,throat,ventral,0.16,0.84,2017,
Meroles suborbitalis,5200,25C,throat,ventral,0.17,0.83,2017,
Meroles suborbitalis,5200,25C,throat,ventral,0.17,0.83,2017,
Meroles suborbitalis,5400,25C,throat,ventral,0.15,0.85,2017,
Meroles suborbitalis,5400,25C,throat,ventral,0.14,0.86,2017,
Meroles suborbitalis,5400,25C,throat,ventral,0.14,0.86,2017,
Meroles suborbitalis,5101,25C,throat,ventral,0.13,0.87,2017,
Meroles suborbitalis,5101,25C,throat,ventral,0.12,0.88,2017,
Meroles suborbitalis,5101,25C,throat,ventral,0.13,0.87,2017,
Meroles suborbitalis,5500,25C,throat,ventral,0.11,0.89,2017,
Meroles suborbitalis,5500,25C,throat,ventral,0.08,0.92,2017,
Meroles suborbitalis,5500,25C,throat,ventral,0.09,0.91,2017,
Pedioplanis lineocellata,001/3-4,25C,throat,ventral,0.16,0.84,2017,
Pedioplanis lineocellata,001/3-4,25C,throat,ventral,0.16,0.84,2017,
Pedioplanis lineocellata,001/3-4,25C,throat,ventral,0.16,0.84,2017,
Pedioplanis lineocellata,14,25C,throat,ventral,0.35,0.65,2017,
Pedioplanis lineocellata,14,25C,throat,ventral,0.29,0.71,2017,
Pedioplanis lineocellata,14,25C,throat,ventral,0.17,0.83,2017,
Pedioplanis lineocellata,14,25C,throat,ventral,0.3,0.7,2017,
Pedioplanis lineocellata,11,25C,throat,ventral,0.23,0.77,2017,
Pedioplanis lineocellata,11,25C,throat,ventral,0.2,0.8,2017,
Pedioplanis lineocellata,11,25C,throat,ventral,0.2,0.8,2017,
Pedioplanis lineocellata,15,25C,throat,ventral,0.17,0.83,2017,
Pedioplanis lineocellata,15,25C,throat,ventral,0.22,0.78,2017,
Pedioplanis lineocellata,15,25C,throat,ventral,0.19,0.81,2017,
Pedioplanis lineocellata,13,25C,throat,ventral,0.16,0.84,2017,
Pedioplanis lineocellata,13,25C,throat,ventral,0.17,0.83,2017,
Pedioplanis lineocellata,13,25C,throat,ventral,0.17,0.83,2017,
Pedioplanis lineocellata,001/3-4,25C,throat,ventral,0.15,0.85,2017,
Pedioplanis lineocellata,001/3-4,25C,throat,ventral,0.17,0.83,2017,
Pedioplanis lineocellata,001/3-4,25C,throat,ventral,0.17,0.83,2017,
Pedioplanis lineocellata,23,25C,throat,ventral,0.13,0.87,2017,
Pedioplanis lineocellata,23,25C,throat,ventral,0.15,0.85,2017,
Pedioplanis lineocellata,23,25C,throat,ventral,0.14,0.86,2017,
Pedioplanis lineocellata,22,25C,throat,ventral,0.2,0.8,2017,
Pedioplanis lineocellata,22,25C,throat,ventral,0.16,0.84,2017,
Pedioplanis lineocellata,22,25C,throat,ventral,0.17,0.83,2017,
Pedioplanis lineocellata,21,25C,throat,ventral,0.27,0.73,2017,
Pedioplanis lineocellata,21,25C,throat,ventral,0.3,0.7,2017,
Pedioplanis lineocellata,21,25C,throat,ventral,0.36,0.64,2017,
Pedioplanis lineocellata,1001,25C,throat,ventral,0.16,0.84,2017,
Pedioplanis lineocellata,1001,25C,throat,ventral,0.15,0.85,2017,
Pedioplanis lineocellata,1001,25C,throat,ventral,0.16,0.84,2017,
Pedioplanis lineocellata,1001,25C,throat,ventral,0.16,0.84,2017,
Pedioplanis lineocellata,1001,25C,throat,ventral,0.15,0.85,2017,
Pedioplanis lineocellata,1001,25C,throat,ventral,0.15,0.85,2017,
Pedioplanis lineocellata,24,25C,throat,ventral,0.21,0.79,2017,
Pedioplanis lineocellata,24,25C,throat,ventral,0.22,0.78,2017,
Pedioplanis lineocellata,24,25C,throat,ventral,0.21,0.79,2017,
Pedioplanis lineocellata,24,25C,throat,ventral,0.12,0.88,2017,
Pedioplanis lineocellata,24,25C,throat,ventral,0.15,0.85,2017,
Pedioplanis lineocellata,24,25C,throat,ventral,0.15,0.85,2017,
Pedioplanis lineocellata,25,25C,throat,ventral,0.16,0.84,2017,
Pedioplanis lineocellata,25,25C,throat,ventral,0.16,0.84,2017,
Pedioplanis lineocellata,25,25C,throat,ventral,0.16,0.84,2017,
Pedioplanis lineocellata,25,25C,throat,ventral,0.16,0.84,2017,
Pedioplanis lineocellata,25,25C,throat,ventral,0.15,0.85,2017,
Pedioplanis lineocellata,25,25C,throat,ventral,0.15,0.85,2017,
Pedioplanis lineocellata,12,25C,throat,ventral,0.14,0.86,2017,
Pedioplanis lineocellata,12,25C,throat,ventral,0.13,0.87,2017,
Pedioplanis lineocellata,12,25C,throat,ventral,0.13,0.87,2017,
Pedioplanis lineocellata,12,25C,throat,ventral,0.11,0.89,2017,
Pedioplanis lineocellata,12,25C,throat,ventral,0.1,0.9,2017,
Pedioplanis lineocellata,12,25C,throat,ventral,0.11,0.89,2017,
Pedioplanis lineocellata,34,25C,throat,ventral,0.17,0.83,2017,
Pedioplanis lineocellata,34,25C,throat,ventral,0.17,0.83,2017,
Pedioplanis lineocellata,34,25C,throat,ventral,0.17,0.83,2017,
Pedioplanis lineocellata,33,25C,throat,ventral,0.17,0.83,2017,
Pedioplanis lineocellata,33,25C,throat,ventral,0.17,0.83,2017,
Pedioplanis lineocellata,33,25C,throat,ventral,0.17,0.83,2017,
Pedioplanis lineocellata,33,25C,throat,ventral,0.19,0.81,2017,
Pedioplanis lineocellata,33,25C,throat,ventral,0.19,0.81,2017,
Pedioplanis lineocellata,33,25C,throat,ventral,0.19,0.81,2017,
Pedioplanis lineocellata,31,25C,throat,ventral,0.15,0.85,2017,
Pedioplanis lineocellata,31,25C,throat,ventral,0.15,0.85,2017,
Pedioplanis lineocellata,31,25C,throat,ventral,0.15,0.85,2017,
Pedioplanis lineocellata,31,25C,throat,ventral,0.13,0.87,2017,
Pedioplanis lineocellata,31,25C,throat,ventral,0.13,0.87,2017,
Pedioplanis lineocellata,31,25C,throat,ventral,0.14,0.86,2017,
Pedioplanis lineocellata,32,25C,throat,ventral,0.12,0.88,2017,
Pedioplanis lineocellata,32,25C,throat,ventral,0.12,0.88,2017,
Pedioplanis lineocellata,32,25C,throat,ventral,0.12,0.88,2017,
Pedioplanis lineocellata,32,25C,throat,ventral,0.1,0.9,2017,
Pedioplanis lineocellata,32,25C,throat,ventral,0.1,0.9,2017,
Pedioplanis lineocellata,32,25C,throat,ventral,0.1,0.9,2017,
Pedioplanis lineocellata,44,field fresh,throat,ventral,0.2,0.8,2017,
Pedioplanis lineocellata,44,field fresh,throat,ventral,0.19,0.81,2017,
Pedioplanis lineocellata,44,field fresh,throat,ventral,0.2,0.8,2017,
Pedioplanis lineocellata,45,field fresh,throat,ventral,0.19,0.81,2017,
Pedioplanis lineocellata,45,field fresh,throat,ventral,0.14,0.86,2017,
Pedioplanis lineocellata,45,field fresh,throat,ventral,0.15,0.85,2017,
Pedioplanis lineocellata,45,field fresh,throat,ventral,0.14,0.86,2017,
Pedioplanis lineocellata,45,field fresh,throat,ventral,0.07,0.93,2017,
Pedioplanis lineocellata,43,25C,throat,ventral,0.2,0.8,2017,
Pedioplanis lineocellata,43,25C,throat,ventral,0.2,0.8,2017,
Pedioplanis lineocellata,43,25C,throat,ventral,0.2,0.8,2017,
Pedioplanis lineocellata,41,25C,throat,ventral,0.16,0.84,2017,
Pedioplanis lineocellata,41,25C,throat,ventral,0.16,0.84,2017,
Pedioplanis lineocellata,41,25C,throat,ventral,0.17,0.83,2017,
Pedioplanis lineocellata,42,25C,throat,ventral,0.15,0.85,2017,
Pedioplanis lineocellata,42,25C,throat,ventral,0.14,0.86,2017,
Pedioplanis lineocellata,42,25C,throat,ventral,0.15,0.85,2017,
Meroles suborbitalis,5300,25C,top head,dorsal,0.07,0.93,2017,
Meroles suborbitalis,5300,25C,top head,dorsal,0.07,0.93,2017,
Meroles suborbitalis,5300,25C,top head,dorsal,0.07,0.93,2017,
Meroles suborbitalis,5300,25C,top head,dorsal,0.07,0.93,2017,
Meroles suborbitalis,5300,25C,top head,dorsal,0.07,0.93,2017,
Meroles suborbitalis,5300,25C,top head,dorsal,0.06,0.94,2017,
Meroles suborbitalis,5100,25C,top head,dorsal,0.05,0.95,2017,
Meroles suborbitalis,5100,25C,top head,dorsal,0.05,0.95,2017,
Meroles suborbitalis,5100,25C,top head,dorsal,0.05,0.95,2017,
Meroles suborbitalis,5200,25C,top head,dorsal,0.04,0.96,2017,
Meroles suborbitalis,5200,25C,top head,dorsal,0.04,0.96,2017,
Meroles suborbitalis,5200,25C,top head,dorsal,0.04,0.96,2017,
Meroles suborbitalis,5400,25C,top head,dorsal,0.05,0.95,2017,
Meroles suborbitalis,5400,25C,top head,dorsal,0.07,0.93,2017,
Meroles suborbitalis,5400,25C,top head,dorsal,0.07,0.93,2017,
Meroles suborbitalis,5101,25C,top head,dorsal,0.08,0.92,2017,
Meroles suborbitalis,5101,25C,top head,dorsal,0.08,0.92,2017,
Meroles suborbitalis,5101,25C,top head,dorsal,0.08,0.92,2017,
Meroles suborbitalis,5101,25C,top head,dorsal,0.06,0.94,2017,
Meroles suborbitalis,5101,25C,top head,dorsal,0.06,0.94,2017,
Meroles suborbitalis,5101,25C,top head,dorsal,0.06,0.94,2017,
Meroles suborbitalis,5500,25C,top head,dorsal,0.06,0.94,2017,
Meroles suborbitalis,5500,25C,top head,dorsal,0.07,0.93,2017,
Meroles suborbitalis,5500,25C,top head,dorsal,0.09,0.91,2017,
Meroles suborbitalis,5500,25C,top head,dorsal,0.06,0.94,2017,
Meroles suborbitalis,5500,25C,top head,dorsal,0.08,0.92,2017,
Meroles suborbitalis,5500,25C,top head,dorsal,0.08,0.92,2017,
Meroles suborbitalis,5500,25C,top head,dorsal,0.09,0.91,2017,
Pedioplanis lineocellata,13,25C,top head,dorsal,0.14,0.86,2017,
Pedioplanis lineocellata,13,25C,top head,dorsal,0.14,0.86,2017,
Pedioplanis lineocellata,13,25C,top head,dorsal,0.14,0.86,2017,
Pedioplanis lineocellata,13,25C,top head,dorsal,0.13,0.87,2017,
Pedioplanis lineocellata,13,25C,top head,dorsal,0.13,0.87,2017,
Pedioplanis lineocellata,13,25C,top head,dorsal,0.12,0.88,2017,
Pedioplanis lineocellata,15,25C,top head,dorsal,0.06,0.94,2017,
Pedioplanis lineocellata,15,25C,top head,dorsal,0.06,0.94,2017,
Pedioplanis lineocellata,15,25C,top head,dorsal,0.07,0.93,2017,
Pedioplanis lineocellata,15,25C,top head,dorsal,0.09,0.91,2017,
Pedioplanis lineocellata,15,25C,top head,dorsal,0.09,0.91,2017,
Pedioplanis lineocellata,15,25C,top head,dorsal,0.09,0.91,2017,
Pedioplanis lineocellata,15,25C,top head,dorsal,0.1,0.9,2017,
Pedioplanis lineocellata,15,25C,top head,dorsal,0.1,0.9,2017,
Pedioplanis lineocellata,15,25C,top head,dorsal,0.1,0.9,2017,
Pedioplanis lineocellata,22,25C,top head,dorsal,0.15,0.85,2017,
Pedioplanis lineocellata,22,25C,top head,dorsal,0.15,0.85,2017,
Pedioplanis lineocellata,22,25C,top head,dorsal,0.15,0.85,2017,
Pedioplanis lineocellata,22,25C,top head,dorsal,0.14,0.86,2017,
Pedioplanis lineocellata,22,25C,top head,dorsal,0.15,0.85,2017,
Pedioplanis lineocellata,22,25C,top head,dorsal,0.15,0.85,2017,
Pedioplanis lineocellata,22,25C,top head,dorsal,0.12,0.88,2017,
Pedioplanis lineocellata,22,25C,top head,dorsal,0.12,0.88,2017,
Pedioplanis lineocellata,22,25C,top head,dorsal,0.13,0.87,2017,
Pedioplanis lineocellata,22,25C,top head,dorsal,0.09,0.91,2017,
Pedioplanis lineocellata,22,25C,top head,dorsal,0.09,0.91,2017,
Pedioplanis lineocellata,22,25C,top head,dorsal,0.09,0.91,2017,
Pedioplanis lineocellata,23,25C,top head,dorsal,0.12,0.88,2017,
Pedioplanis lineocellata,23,25C,top head,dorsal,0.13,0.87,2017,
Pedioplanis lineocellata,23,25C,top head,dorsal,0.13,0.87,2017,
Pedioplanis lineocellata,23,25C,top head,dorsal,0.1,0.9,2017,
Pedioplanis lineocellata,23,25C,top head,dorsal,0.1,0.9,2017,
Pedioplanis lineocellata,23,25C,top head,dorsal,0.11,0.89,2017,
Pedioplanis lineocellata,23,25C,top head,dorsal,0.1,0.9,2017,
Pedioplanis lineocellata,23,25C,top head,dorsal,0.1,0.9,2017,
Pedioplanis lineocellata,23,25C,top head,dorsal,0.12,0.88,2017,
Pedioplanis lineocellata,11,25C,top head,dorsal,0.11,0.89,2017,
Pedioplanis lineocellata,11,25C,top head,dorsal,0.11,0.89,2017,
Pedioplanis lineocellata,11,25C,top head,dorsal,0.12,0.88,2017,
Pedioplanis lineocellata,11,25C,top head,dorsal,0.09,0.91,2017,
Pedioplanis lineocellata,11,25C,top head,dorsal,0.11,0.89,2017,
Pedioplanis lineocellata,11,25C,top head,dorsal,0.1,0.9,2017,
Pedioplanis lineocellata,11,25C,top head,dorsal,0.13,0.87,2017,
Pedioplanis lineocellata,11,25C,top head,dorsal,0.14,0.86,2017,
Pedioplanis lineocellata,11,25C,top head,dorsal,0.15,0.85,2017,
Pedioplanis lineocellata,14,25C,top head,dorsal,0.08,0.92,2017,
Pedioplanis lineocellata,14,25C,top head,dorsal,0.09,0.91,2017,
Pedioplanis lineocellata,14,25C,top head,dorsal,0.1,0.9,2017,
Pedioplanis lineocellata,14,25C,top head,dorsal,0.09,0.91,2017,
Pedioplanis lineocellata,14,25C,top head,dorsal,0.09,0.91,2017,
Pedioplanis lineocellata,14,25C,top head,dorsal,0.1,0.9,2017,
Pedioplanis lineocellata,14,25C,top head,dorsal,0.14,0.86,2017,
Pedioplanis lineocellata,14,25C,top head,dorsal,0.15,0.85,2017,
Pedioplanis lineocellata,14,25C,top head,dorsal,0.15,0.85,2017,
Pedioplanis lineocellata,21,25C,top head,dorsal,0.09,0.91,2017,
Pedioplanis lineocellata,21,25C,top head,dorsal,0.1,0.9,2017,
Pedioplanis lineocellata,21,25C,top head,dorsal,0.1,0.9,2017,
Pedioplanis lineocellata,21,25C,top head,dorsal,0.13,0.87,2017,
Pedioplanis lineocellata,21,25C,top head,dorsal,0.13,0.87,2017,
Pedioplanis lineocellata,21,25C,top head,dorsal,0.13,0.87,2017,
Pedioplanis lineocellata,1001,25C,top head,dorsal,0.1,0.9,2017,
Pedioplanis lineocellata,1001,25C,top head,dorsal,0.1,0.9,2017,
Pedioplanis lineocellata,1001,25C,top head,dorsal,0.1,0.9,2017,
Pedioplanis lineocellata,1001,25C,top head,dorsal,0.08,0.92,2017,
Pedioplanis lineocellata,1001,25C,top head,dorsal,0.08,0.92,2017,
Pedioplanis lineocellata,1001,25C,top head,dorsal,0.09,0.91,2017,
Pedioplanis lineocellata,24,25C,top head,dorsal,0.05,0.95,2017,
Pedioplanis lineocellata,24,25C,top head,dorsal,0.06,0.94,2017,
Pedioplanis lineocellata,24,25C,top head,dorsal,0.06,0.94,2017,
Pedioplanis lineocellata,24,25C,top head,dorsal,0.09,0.91,2017,
Pedioplanis lineocellata,24,25C,top head,dorsal,0.09,0.91,2017,
Pedioplanis lineocellata,24,25C,top head,dorsal,0.09,0.91,2017,
Pedioplanis lineocellata,25,25C,top head,dorsal,0.15,0.85,2017,
Pedioplanis lineocellata,25,25C,top head,dorsal,0.17,0.83,2017,
Pedioplanis lineocellata,25,25C,top head,dorsal,0.17,0.83,2017,
Pedioplanis lineocellata,25,25C,top head,dorsal,0.12,0.88,2017,
Pedioplanis lineocellata,25,25C,top head,dorsal,0.13,0.87,2017,
Pedioplanis lineocellata,25,25C,top head,dorsal,0.12,0.88,2017,
Pedioplanis lineocellata,25,25C,top head,dorsal,0.12,0.88,2017,
Pedioplanis lineocellata,12,25C,top head,dorsal,0.08,0.92,2017,
Pedioplanis lineocellata,12,25C,top head,dorsal,0.09,0.91,2017,
Pedioplanis lineocellata,12,25C,top head,dorsal,0.08,0.92,2017,
Pedioplanis lineocellata,12,25C,top head,dorsal,0.08,0.92,2017,
Pedioplanis lineocellata,12,25C,top head,dorsal,0.09,0.91,2017,
Pedioplanis lineocellata,34,25C,top head,dorsal,0.08,0.92,2017,
Pedioplanis lineocellata,34,25C,top head,dorsal,0.09,0.91,2017,
Pedioplanis lineocellata,34,25C,top head,dorsal,0.1,0.9,2017,
Pedioplanis lineocellata,34,25C,top head,dorsal,0.1,0.9,2017,
Pedioplanis lineocellata,34,25C,top head,dorsal,0.1,0.9,2017,
Pedioplanis lineocellata,33,25C,top head,dorsal,0.1,0.9,2017,
Pedioplanis lineocellata,33,25C,top head,dorsal,0.1,0.9,2017,
Pedioplanis lineocellata,33,25C,top head,dorsal,0.1,0.9,2017,
Pedioplanis lineocellata,33,25C,top head,dorsal,0.09,0.91,2017,
Pedioplanis lineocellata,33,25C,top head,dorsal,0.1,0.9,2017,
Pedioplanis lineocellata,33,25C,top head,dorsal,0.09,0.91,2017,
Pedioplanis lineocellata,31,25C,top head,dorsal,0.09,0.91,2017,
Pedioplanis lineocellata,31,25C,top head,dorsal,0.09,0.91,2017,
Pedioplanis lineocellata,31,25C,top head,dorsal,0.1,0.9,2017,
Pedioplanis lineocellata,31,25C,top head,dorsal,0.08,0.92,2017,
Pedioplanis lineocellata,31,25C,top head,dorsal,0.09,0.91,2017,
Pedioplanis lineocellata,31,25C,top head,dorsal,0.09,0.91,2017,
Pedioplanis lineocellata,32,25C,top head,dorsal,0.07,0.93,2017,
Pedioplanis lineocellata,32,25C,top head,dorsal,0.07,0.93,2017,
Pedioplanis lineocellata,32,25C,top head,dorsal,0.07,0.93,2017,
Pedioplanis lineocellata,32,25C,top head,dorsal,0.08,0.92,2017,
Pedioplanis lineocellata,32,25C,top head,dorsal,0.08,0.92,2017,
Pedioplanis lineocellata,32,25C,top head,dorsal,0.07,0.93,2017,
Pedioplanis lineocellata,44,field fresh,top head,dorsal,0.1,0.9,2017,
Pedioplanis lineocellata,44,field fresh,top head,dorsal,0.1,0.9,2017,
Pedioplanis lineocellata,44,field fresh,top head,dorsal,0.1,0.9,2017,
Pedioplanis lineocellata,44,field fresh,top head,dorsal,0.12,0.88,2017,
Pedioplanis lineocellata,44,field fresh,top head,dorsal,0.12,0.88,2017,
Pedioplanis lineocellata,44,field fresh,top head,dorsal,0.13,0.87,2017,
Pedioplanis lineocellata,45,field fresh,top head,dorsal,0.1,0.9,2017,
Pedioplanis lineocellata,45,field fresh,top head,dorsal,0.1,0.9,2017,
Pedioplanis lineocellata,45,field fresh,top head,dorsal,0.11,0.89,2017,
Pedioplanis lineocellata,45,field fresh,top head,dorsal,0.11,0.89,2017,
Pedioplanis lineocellata,45,field fresh,top head,dorsal,0.11,0.89,2017,
Pedioplanis lineocellata,45,field fresh,top head,dorsal,0.12,0.88,2017,
Pedioplanis lineocellata,43,25C,top head,dorsal,0.08,0.92,2017,
Pedioplanis lineocellata,43,25C,top head,dorsal,0.08,0.92,2017,
Pedioplanis lineocellata,43,25C,top head,dorsal,0.09,0.91,2017,
Pedioplanis lineocellata,43,25C,top head,dorsal,0.11,0.89,2017,
Pedioplanis lineocellata,43,25C,top head,dorsal,0.08,0.92,2017,
Pedioplanis lineocellata,43,25C,top head,dorsal,0.08,0.92,2017,
Pedioplanis lineocellata,41,25C,top head,dorsal,0.09,0.91,2017,
Pedioplanis lineocellata,41,25C,top head,dorsal,0.13,0.87,2017,
Pedioplanis lineocellata,41,25C,top head,dorsal,0.11,0.89,2017,
Pedioplanis lineocellata,42,25C,top head,dorsal,0.08,0.92,2017,
Pedioplanis lineocellata,42,25C,top head,dorsal,0.08,0.92,2017,
Pedioplanis lineocellata,42,25C,top head,dorsal,0.09,0.91,2017,
Pedioplanis lineocellata,21,25C,tummy,ventral,0.25,0.75,2017,
Pedioplanis lineocellata,21,25C,tummy,ventral,0.24,0.76,2017,
Pedioplanis lineocellata,21,25C,tummy,ventral,0.25,0.75,2017,
Pedioplanis lineocellata,22,35,Ventral,ventral,0.3,0.7,2019,
Pedioplanis lineocellata,22,35,Ventral,ventral,0.31,0.69,2019,
Pedioplanis lineocellata,22,35,Ventral,ventral,0.31,0.69,2019,
Pedioplanis lineocellata,13,34,Ventral,ventral,0.3,0.7,2019,
Pedioplanis lineocellata,13,34,Ventral,ventral,0.3,0.7,2019,missing one ref for ventral? See notebook
Pedioplanis lineocellata,11,35,Ventral,ventral,0.23,0.77,2019,
Pedioplanis lineocellata,11,35,Ventral,ventral,0.22,0.78,2019,
Pedioplanis lineocellata,11,35,Ventral,ventral,0.22,0.78,2019,
Pedioplanis lineocellata,19,34.5,Ventral,ventral,0.12,0.88,2019,
Pedioplanis lineocellata,19,34.5,Ventral,ventral,0.13,0.87,2019,
Pedioplanis lineocellata,19,34.5,Ventral,ventral,0.12,0.88,2019,
Pedioplanis lineocellata,20,34.5,Ventral,ventral,0.19,0.81,2019,
Pedioplanis lineocellata,20,34.5,Ventral,ventral,0.19,0.81,2019,
Pedioplanis lineocellata,20,34.5,Ventral,ventral,0.19,0.81,2019,
Pedioplanis lineocellata,28,32.5,Ventral,ventral,0.26,0.74,2019,
Pedioplanis lineocellata,28,32.5,Ventral,ventral,0.26,0.74,2019,
Pedioplanis lineocellata,28,32.5,Ventral,ventral,0.25,0.75,2019,
Pedioplanis lineocellata,24,33,Ventral,ventral,0.2,0.8,2019,
Pedioplanis lineocellata,24,33,Ventral,ventral,0.2,0.8,2019,
Pedioplanis lineocellata,24,33,Ventral,ventral,0.08,0.92,2019,
Pedioplanis lineocellata,30,35,Ventral,ventral,0.21,0.79,2019,
Pedioplanis lineocellata,30,35,Ventral,ventral,0.21,0.79,2019,
Pedioplanis lineocellata,30,35,Ventral,ventral,0.21,0.79,2019,
Pedioplanis lineocellata,32,35,Ventral,ventral,0.2,0.8,2019,
Pedioplanis lineocellata,32,35,Ventral,ventral,0.2,0.8,2019,
Pedioplanis lineocellata,32,35,Ventral,ventral,0.19,0.81,2019,
Pedioplanis lineocellata,35,30,Ventral,ventral,0.27,0.73,2019,
Pedioplanis lineocellata,35,30,Ventral,ventral,0.27,0.73,2019,
Pedioplanis lineocellata,35,30,Ventral,ventral,0.27,0.73,2019,
Pedioplanis lineocellata,40,30,Ventral,ventral,0.17,0.83,2019,
Pedioplanis lineocellata,40,30,Ventral,ventral,0.17,0.83,2019,
Pedioplanis lineocellata,40,30,Ventral,ventral,0.16,0.84,2019,
Pedioplanis lineocellata,33.1,30,Ventral,ventral,0.15,0.85,2019,
Pedioplanis lineocellata,33.1,30,Ventral,ventral,0.15,0.85,2019,
Pedioplanis lineocellata,33.1,30,Ventral,ventral,0.15,0.85,2019,
Meroles suborbitalis,no id,30,Ventral,ventral,0.1,0.9,2019,
Meroles suborbitalis,no id,30,Ventral,ventral,0.1,0.9,2019,
Meroles suborbitalis,no id,30,Ventral,ventral,0.11,0.89,2019,
Meroles suborbitalis,no id,30,Ventral,ventral,0.17,0.83,2019,
Meroles suborbitalis,no id,30,Ventral,ventral,0.17,0.83,2019,
Meroles suborbitalis,no id,30,Ventral,ventral,0.17,0.83,2019,
Pedioplanis lineocellata,41,30,Ventral,ventral,0.36,0.64,2019,
Pedioplanis lineocellata,41,30,Ventral,ventral,0.32,0.68,2019,
Pedioplanis lineocellata,41,30,Ventral,ventral,0.32,0.68,2019,
Pedioplanis lineocellata,V,34,Ventral,ventral,0.24,0.76,2019,
Pedioplanis lineocellata,V,34,Ventral,ventral,0.23,0.77,2019,
Pedioplanis lineocellata,V,34,Ventral,ventral,0.23,0.77,2019,
Pedioplanis lineocellata,X,34,Ventral,ventral,0.26,0.74,2019,
Pedioplanis lineocellata,X,34,Ventral,ventral,0.26,0.74,2019,
Pedioplanis lineocellata,X,34,Ventral,ventral,0.26,0.74,2019,
Pedioplanis lineocellata,Z,34,Ventral,ventral,0.26,0.74,2019,
Pedioplanis lineocellata,Z,34,Ventral,ventral,0.27,0.73,2019,
Pedioplanis lineocellata,Z,34,Ventral,ventral,0.26,0.74,2019,
Pedioplanis lineocellata,L,32,Ventral,ventral,0.17,0.83,2019,
Pedioplanis lineocellata,L,32,Ventral,ventral,0.17,0.83,2019,
Pedioplanis lineocellata,L,32,Ventral,ventral,0.17,0.83,2019,
Trachylepis sparsa,no id,37,Ventral,ventral,0.32,0.68,2019,
Trachylepis sparsa,no id,37,Ventral,ventral,0.3,0.7,2019,
Trachylepis sparsa,no id,37,Ventral,ventral,0.29,0.71,2019,
Trachylepis sparsa,no id,37,Ventral,ventral,0.28,0.72,2019,
Trachylepis sparsa,no id,37,Ventral,ventral,0.29,0.71,2019,
Trachylepis sparsa,no id,37,Ventral,ventral,0.29,0.71,2019,
Agama aculeata aculeata,NA,25C,ventral,ventral,0.29,0.71,2017,
Agama aculeata aculeata,NA,25C,ventral,ventral,0.29,0.71,2017,
Agama aculeata aculeata,NA,25C,ventral,ventral,0.29,0.71,2017,
Meroles suborbitalis,5300,25C,ventral,ventral,0.19,0.81,2017,
Meroles suborbitalis,5300,25C,ventral,ventral,0.19,0.81,2017,
Meroles suborbitalis,5300,25C,ventral,ventral,0.17,0.83,2017,
Meroles suborbitalis,5300,25C,ventral,ventral,0.13,0.87,2017,
Meroles suborbitalis,5300,25C,ventral,ventral,0.15,0.85,2017,
Meroles suborbitalis,5300,25C,ventral,ventral,0.15,0.85,2017,
Meroles suborbitalis,5100,25C,ventral,ventral,0.12,0.88,2017,
Meroles suborbitalis,5100,25C,ventral,ventral,0.11,0.89,2017,
Meroles suborbitalis,5100,25C,ventral,ventral,0.12,0.88,2017,
Meroles suborbitalis,5100,25C,ventral,ventral,0.09,0.91,2017,
Meroles suborbitalis,5100,25C,ventral,ventral,0.09,0.91,2017,
Meroles suborbitalis,5100,25C,ventral,ventral,0.09,0.91,2017,
Meroles suborbitalis,5200,25C,ventral,ventral,0.11,0.89,2017,
Meroles suborbitalis,5200,25C,ventral,ventral,0.11,0.89,2017,
Meroles suborbitalis,5200,25C,ventral,ventral,0.1,0.9,2017,
Meroles suborbitalis,5200,25C,ventral,ventral,0.11,0.89,2017,
Meroles suborbitalis,5200,25C,ventral,ventral,0.12,0.88,2017,
Meroles suborbitalis,5200,25C,ventral,ventral,0.12,0.88,2017,
Meroles suborbitalis,5400,25C,ventral,ventral,0.13,0.87,2017,
Meroles suborbitalis,5400,25C,ventral,ventral,0.14,0.86,2017,
Meroles suborbitalis,5400,25C,ventral,ventral,0.12,0.88,2017,
Meroles suborbitalis,5101,25C,ventral,ventral,0.14,0.86,2017,
Meroles suborbitalis,5101,25C,ventral,ventral,0.15,0.85,2017,
Meroles suborbitalis,5101,25C,ventral,ventral,0.15,0.85,2017,
Meroles suborbitalis,5101,25C,ventral,ventral,0.17,0.83,2017,
Meroles suborbitalis,5101,25C,ventral,ventral,0.18,0.82,2017,
Meroles suborbitalis,5101,25C,ventral,ventral,0.17,0.83,2017,
Meroles suborbitalis,5500,25C,ventral,ventral,0.22,0.78,2017,
Meroles suborbitalis,5500,25C,ventral,ventral,0.13,0.87,2017,
Meroles suborbitalis,5500,25C,ventral,ventral,0.13,0.87,2017,
Meroles suborbitalis,5500,25C,ventral,ventral,0.13,0.87,2017,
Meroles suborbitalis,5500,25C,ventral,ventral,0.11,0.89,2017,
Meroles suborbitalis,5500,25C,ventral,ventral,0.11,0.89,2017,
Pedioplanis lineocellata,001/3-4,25C,ventral,ventral,0.12,0.88,2017,
Pedioplanis lineocellata,001/3-4,25C,ventral,ventral,0.12,0.88,2017,
Pedioplanis lineocellata,001/3-4,25C,ventral,ventral,0.13,0.87,2017,
Pedioplanis lineocellata,13,25C,ventral,ventral,0.15,0.85,2017,
Pedioplanis lineocellata,13,25C,ventral,ventral,0.17,0.83,2017,
Pedioplanis lineocellata,13,25C,ventral,ventral,0.29,0.71,2017,
Pedioplanis lineocellata,15,25C,ventral,ventral,0.12,0.88,2017,
Pedioplanis lineocellata,15,25C,ventral,ventral,0.12,0.88,2017,
Pedioplanis lineocellata,15,25C,ventral,ventral,0.12,0.88,2017,
Pedioplanis lineocellata,23,25C,ventral,ventral,0.13,0.87,2017,
Pedioplanis lineocellata,23,25C,ventral,ventral,0.13,0.87,2017,
Pedioplanis lineocellata,23,25C,ventral,ventral,0.14,0.86,2017,
Pedioplanis lineocellata,11,25C,ventral,ventral,0.18,0.82,2017,
Pedioplanis lineocellata,11,25C,ventral,ventral,0.19,0.81,2017,
Pedioplanis lineocellata,11,25C,ventral,ventral,0.18,0.82,2017,
Pedioplanis lineocellata,14,25C,ventral,ventral,0.11,0.89,2017,
Pedioplanis lineocellata,14,25C,ventral,ventral,0.12,0.88,2017,
Pedioplanis lineocellata,14,25C,ventral,ventral,0.13,0.87,2017,
Pedioplanis lineocellata,1001,25C,ventral,ventral,0.13,0.87,2017,
Pedioplanis lineocellata,1001,25C,ventral,ventral,0.15,0.85,2017,
Pedioplanis lineocellata,1001,25C,ventral,ventral,0.2,0.8,2017,
Pedioplanis lineocellata,1001,25C,ventral,ventral,0.15,0.85,2017,
Pedioplanis lineocellata,1001,25C,ventral,ventral,0.19,0.81,2017,
Pedioplanis lineocellata,1001,25C,ventral,ventral,0.21,0.79,2017,
Pedioplanis lineocellata,24,25C,ventral,ventral,0.2,0.8,2017,
Pedioplanis lineocellata,24,25C,ventral,ventral,0.2,0.8,2017,
Pedioplanis lineocellata,24,25C,ventral,ventral,0.2,0.8,2017,
Pedioplanis lineocellata,24,25C,ventral,ventral,0.14,0.86,2017,
Pedioplanis lineocellata,24,25C,ventral,ventral,0.14,0.86,2017,
Pedioplanis lineocellata,24,25C,ventral,ventral,0.13,0.87,2017,
Pedioplanis lineocellata,25,25C,ventral,ventral,0.15,0.85,2017,
Pedioplanis lineocellata,25,25C,ventral,ventral,0.15,0.85,2017,
Pedioplanis lineocellata,25,25C,ventral,ventral,0.14,0.86,2017,
Pedioplanis lineocellata,25,25C,ventral,ventral,0.2,0.8,2017,
Pedioplanis lineocellata,25,25C,ventral,ventral,0.2,0.8,2017,
Pedioplanis lineocellata,25,25C,ventral,ventral,0.21,0.79,2017,
Pedioplanis lineocellata,12,25C,ventral,ventral,0.12,0.88,2017,
Pedioplanis lineocellata,12,25C,ventral,ventral,0.12,0.88,2017,
Pedioplanis lineocellata,12,25C,ventral,ventral,0.12,0.88,2017,
Pedioplanis lineocellata,12,25C,ventral,ventral,0.17,0.83,2017,
Pedioplanis lineocellata,12,25C,ventral,ventral,0.18,0.82,2017,
Pedioplanis lineocellata,12,25C,ventral,ventral,0.18,0.82,2017,
Pedioplanis lineocellata,12,25C,ventral,ventral,0.15,0.85,2017,
Pedioplanis lineocellata,12,25C,ventral,ventral,0.12,0.88,2017,
Pedioplanis lineocellata,12,25C,ventral,ventral,0.11,0.89,2017,
Pedioplanis lineocellata,34,25C,ventral,ventral,0.13,0.87,2017,
Pedioplanis lineocellata,34,25C,ventral,ventral,0.13,0.87,2017,
Pedioplanis lineocellata,34,25C,ventral,ventral,0.14,0.86,2017,
Pedioplanis lineocellata,34,25C,ventral,ventral,0.14,0.86,2017,
Pedioplanis lineocellata,34,25C,ventral,ventral,0.15,0.85,2017,
Pedioplanis lineocellata,34,25C,ventral,ventral,0.15,0.85,2017,
Pedioplanis lineocellata,33,25C,ventral,ventral,0.12,0.88,2017,
Pedioplanis lineocellata,33,25C,ventral,ventral,0.13,0.87,2017,
Pedioplanis lineocellata,33,25C,ventral,ventral,0.13,0.87,2017,
Pedioplanis lineocellata,33,25C,ventral,ventral,0.1,0.9,2017,
Pedioplanis lineocellata,33,25C,ventral,ventral,0.1,0.9,2017,
Pedioplanis lineocellata,33,25C,ventral,ventral,0.1,0.9,2017,
Pedioplanis lineocellata,31,25C,ventral,ventral,0.16,0.84,2017,
Pedioplanis lineocellata,31,25C,ventral,ventral,0.15,0.85,2017,
Pedioplanis lineocellata,31,25C,ventral,ventral,0.15,0.85,2017,
Pedioplanis lineocellata,31,25C,ventral,ventral,0.12,0.88,2017,
Pedioplanis lineocellata,31,25C,ventral,ventral,0.12,0.88,2017,
Pedioplanis lineocellata,31,25C,ventral,ventral,0.12,0.88,2017,
Pedioplanis lineocellata,32,25C,ventral,ventral,0.14,0.86,2017,
Pedioplanis lineocellata,32,25C,ventral,ventral,0.15,0.85,2017,
Pedioplanis lineocellata,32,25C,ventral,ventral,0.15,0.85,2017,
Pedioplanis lineocellata,32,25C,ventral,ventral,0.14,0.86,2017,
Pedioplanis lineocellata,32,25C,ventral,ventral,0.14,0.86,2017,
Pedioplanis lineocellata,32,25C,ventral,ventral,0.14,0.86,2017,
Pedioplanis lineocellata,44,field fresh,ventral,ventral,0.15,0.85,2017,
Pedioplanis lineocellata,44,field fresh,ventral,ventral,0.15,0.85,2017,
Pedioplanis lineocellata,44,field fresh,ventral,ventral,0.15,0.85,2017,
Pedioplanis lineocellata,44,field fresh,ventral,ventral,0.14,0.86,2017,
Pedioplanis lineocellata,44,field fresh,ventral,ventral,0.13,0.87,2017,
Pedioplanis lineocellata,44,field fresh,ventral,ventral,0.13,0.87,2017,
Pedioplanis lineocellata,45,field fresh,ventral,ventral,0.19,0.81,2017,
Pedioplanis lineocellata,45,field fresh,ventral,ventral,0.18,0.82,2017,
Pedioplanis lineocellata,45,field fresh,ventral,ventral,0.18,0.82,2017,
Pedioplanis lineocellata,45,field fresh,ventral,ventral,0.14,0.86,2017,
Pedioplanis lineocellata,45,field fresh,ventral,ventral,0.15,0.85,2017,
Pedioplanis lineocellata,45,field fresh,ventral,ventral,0.14,0.86,2017,
Pedioplanis lineocellata,45,field fresh,ventral,ventral,0.13,0.87,2017,
Pedioplanis lineocellata,45,field fresh,ventral,ventral,0.17,0.83,2017,
Pedioplanis lineocellata,45,field fresh,ventral,ventral,0.17,0.83,2017,
Pedioplanis lineocellata,45,field fresh,ventral,ventral,0.18,0.82,2017,
Pedioplanis lineocellata,43,25C,ventral,ventral,0.17,0.83,2017,
Pedioplanis lineocellata,43,25C,ventral,ventral,0.18,0.82,2017,
Pedioplanis lineocellata,43,25C,ventral,ventral,0.2,0.8,2017,
Pedioplanis lineocellata,43,25C,ventral,ventral,0.17,0.83,2017,
Pedioplanis lineocellata,43,25C,ventral,ventral,0.17,0.83,2017,
Pedioplanis lineocellata,43,25C,ventral,ventral,0.18,0.82,2017,
Pedioplanis lineocellata,41,25C,ventral,ventral,0.12,0.88,2017,
Pedioplanis lineocellata,41,25C,ventral,ventral,0.13,0.87,2017,
Pedioplanis lineocellata,41,25C,ventral,ventral,0.13,0.87,2017,
Pedioplanis lineocellata,42,25C,ventral,ventral,0.13,0.87,2017,
Pedioplanis lineocellata,42,25C,ventral,ventral,0.13,0.87,2017,
Pedioplanis lineocellata,42,25C,ventral,ventral,0.13,0.87,2017,
Pedioplanis lineocellata,42,25C,ventral,ventral,0.16,0.84,2017,
Pedioplanis lineocellata,42,25C,ventral,ventral,0.13,0.87,2017,
Pedioplanis lineocellata,42,25C,ventral,ventral,0.13,0.87,2017,